st_name,stcd
曹坡,41612441
鸣皋,41652400
酒后乡,41652401
沙园,41652402
杨圪挡水库,41652404
宋店,41652501
杜沟,41652502
刘沟,41652503
袁庄,41653201
司马沟,41653202
白沙,41653600
银河水库,41653601
西场,41653602
马河湾水库,41653603
东寨,41653604
水寨,41653605
黑羊,42653203
前嘴,31022300
朝歌,31022400
北山门口,31022401
大水头,31022402
石老公,31022403
纣王殿,31022404
黄洞,31022405
全寨,31022406
小柏峪,31022407
小岩村,31022408
河口,31022409
大花庄,31022410
赵庄,31022411
新乡屯,31022412
南宋庄,31022414
臧口,31022415
形盆,31022416
柳林,31022417
赵沟,31022418
大柏峪,31023600
龙卧,31024906
杜康,41652403
常岭,41652405
下岗底,41652406
孟垴,41652407
茹店,41652409
石柱,50525851
拔菜,50525852
刘坑,50525853
上店,50602450
红军,50624001
椒沟,50624761
宝丰,50624781
武沟,50624782
杨沟,50624801
十八盘,50624802
枣林,50624803
黄路,50624804
漫流,50624805
林场,50624806
邢坪,50624901
刘店乡,50624902
七贤,50624903
关帝,50624904
黄滩,50624905
陶营,50624906
罗营,50624907
太山,50625652
河庄,50625653
椿树,50625654
靳村,50625655
牌路,50625657
排路,50625700
沙坪,50625750
付店,50625850
十八盘,50625950
秦亭,50626000
王坪,50626050
三屯,50626100
上汤沟,41424571
石庄,41424572
店上,41424573
路家庄,41424574
横山,41424575
孟县,41424580
汤庙,41424581
小宋庄,41424582
东赵和,41424583
北那,41424584
缑村,41424585
前姚,41424586
还封,41424587
中化,41424808
下官,41424809
许村,31120100
黄城,31120150
华龙区水利局,41402702
南李店,50202100
响水潭水库,50202320
灵山一水库,50202340
青蓬水库,50202360
曾店村,50223680
中心,50223901
湖南,50223902
邵湾,50223903
龙泉,50223904
淮河桥,50223905
尤店,50223906
高店,50223950
定远店,50224350
山店,50224351
天竹,50224352
秦畈,50224353
九龙,50224354
郑洼,50224355
章楼,50224356
庙仙乡,50224359
蔡店,50224360
后沟,50224450
江塝,50224500
周党畈,50224550
铁卜,50224600
彭新店,50224650
前锋,50224651
耿楼,50224653
潘新,50224700
罗山,50224850
杨畈,50224900
涩港店,50224950
朱堂,50225000
肖畈,50225001
万河,50225002
黄湾水库,50225003
子路山水库,50225004
殷湾,50225005
郑堂,50225007
吴老湾,50225008
袁冲,50225009
闵水,50225010
十里头,50225011
新塘,50225012
跃进水库,50225013
罗山南,50225350
回郭镇,41425051
公川,41623631
关帝庙,41623632
鲁庄,41623633
堤东,41623634
核桃园,41623651
涉村,41623652
夹津口,41623653
山川,41623654
芝田镇,41623655
王沟,41623656
峡峪,41628113
新中,41628114
段河村,41628115
米河镇,41628116
和沟,41628117
竹林,41628120
站街,41658100
洪河,41658101
赵沟,41658102
礼泉,41658103
南河渡,41658104
神南,41658105
铁匠炉,41658106
河洛镇,41658107
包信,50202800
路口,50225650
楼园,50225651
秦围孜,50225652
傅寨,50225653
任大寨,50225700
金店,50225701
魏店,50225702
八里岔,50225750
伍底下,50225751
夏庄,50226500
梅楼,50226501
李围孜,50226502
王林,50226503
大谢楼,50226504
白店,50226850
张陶,50226950
乌龙店,50227050
岗李店,50326950
傅寨,50500702
大谢楼,50500703
李围孜,50500704
王林,50500705
三门峡水利局,40104431
湖滨区水利局,40104432
交口(三门峡),40104434
羊虎山,40104435
北梁,40104436
卢家店,40104437
马坡,40104438
市砖瓦厂,40104440
侯村,40104441
野獐坪,62013810
小湍河,62013820
大块地(内乡),62013840
凤凰坪,62013860
北川,62014010
前庄(内乡),62014020
高皇,62014030
靳河,62014040
万沟,62014050
三岔河,62014700
石庙,62014710
符庄,62016020
寺河,62021804
彭营,62021821
石庙,62024001
蚌峪,62024002
唐河,62024003
红堰,62024004
朱庙,62024671
均张,62024672
李营,62024673
后时家水库,62025602
清凉庙,62025603
吕营,62025604
宋家沟水库,62025851
庙湾水库,62025852
庙岗,62037900
黄营,62044100
葛条爬,62045700
大龙,62045900
板厂,62046000
让河,62046010
雁岭街,62046100
大栗坪,62046200
青杠树,62046300
赤眉,62046600
黄营,62047100
马山口,62047200
王店,62047300
蚱曲,62050600
苇集,62050800
庞集,62050801
王湾,41607206
陉山,50621950
买桥,50621951
后河,50621952
会河,50621953
长葛,50621954
西樊楼,50621955
北寨北街,50622004
古桥,50622005
石象,50622350
大周镇,50627981
山孔,50627982
陈尧,50627984
董村（许昌）,50665128
刘庄,50422803
逊母口,50428100
李彩集,50428200
符草楼西,50428201
考主岗,50428202
吴振刚,50428203
槐寺集,50428300
前席,50667408
芝麻洼,50821700
铁佛寺,50822800
柳河,50822801
刘城,50822802
李金斗,50822900
周寨,50822901
太康,50826600
真村,41421741
刘沟,41421742
王顶,41421743
王村,41425050
环翠峪,41628111
刘河,41628112
冯沟,41628118
石洞沟,41628119
高山,41628121
老君堂,41628122
房罗,41628123
上街区,50606606
袁庄,50630720
洞林湖,50630760
老邢,50631000
王宗店,50631100
荥阳,50631250
寺沟,50631251
盆窑,50631252
槐树洼,50631253
插阎,50631254
广武,50631255
郭岗,50631351
豫龙镇,50631352
王寨,50631355
须水,50631356
祁楼,50220064
朱楼,50229553
杨棚,50229555
邱塆,50229556
余集,50229600
三里坪,50230000
新建坳,50502200
卢店,50502970
香子岗,50522210
郭庙,50522410
丰集,50523900
黄柏山,50524100
百战坪,50524200
两河口(信阳),50524210
长竹园,50524300
黑河,50524400
枫香树,50524900
龙泉,50524910
大木厂,50524930
余子店,50524940
通城店,50525100
螺蛳畈,50525110
李冲,50525120
汤泉池,50525150
粉壁渡,50525151
冯店乡,50525152
塔塆,50525153
陈畈,50525154
新楼,50525155
何楼,50525250
王塆,50525251
卜店,50525252
白蛇堰,50525253
塘塆,50525257
上石桥,50525500
狗尾巴山水库,50525510
石门冲水库,50525520
商城管委会,62011401
洛洼水库,62011404
南阳水利局,62011406
石桥二村,62021401
蒲山二村,62021402
赵官庄,62021403
雷庄,62021404
周沟,62023651
杨树岗水库,62023652
崔坊,62023653
小屯,62023654
西梁庄,62023655
下潘营,62049800
青华,62050100
双柳树,50203800
白鹭河,50203850
冯大塘,50220051
黄营,50220052
谈围,50220053
北杨集,50220054
万大桥,50220055
常营,50220056
朱陂店,50220057
胡寨,50220058
江家集乡,50220059
曾寨,50220060
高寨,50220061
肖坎,50220062
周楼,50220063
林淮,50222501
中心,50222502
杨围子,50222503
明星,50222504
艾庙,50222505
夹塘埂,50222506
傅店,50223051
新里集,50223052
万营,50223053
塘埂,50223054
彭店,50228950
邬桥,50229100
传流店,50230050
张集,50230350
宋爻水库,41603051
颍阳,41603052
郭寨,41603053
庞窑水库,41603054
和沟水库,50605341
钱岭,50620050
水磨湾,50620051
石道,50620100
上窝,50620101
大金店,50620150
姜家窑水库,50620151
阎坡,50620152
少林寺,50620153
大王村,50620154
东金店,50620155
河门,50620156
嵩山,50620157
太后庙,50620158
西白坪,50620250
陈楼,50620251
南窑,50620252
登封,50620300
芦店,50620500
唐庄,50620501
花楼,50620502
井湾水库,50620503
徐庄,50620650
杨林,50620651
佛垌水库,50620652
东施村,50620653
大冶,50632250
孙圣沟,31024251
孙家荒,31024252
施家沟,31024850
曹家,31024903
王家荒,31024904
西顶,31024905
大吕寨,31024915
石门,31024916
西洪桥,50300800
杨岗,50321350
石桥,50321351
塔桥,50321352
五龙,50321353
上蔡,50321500
蔡都,50321551
邵店,50321552
杨阁,50321554
关马庄,50321555
党店,50321701
蔡埠口,50324350
杨屯,50324355
黄埠,50324356
大路李,50324357
无量寺,50324358
坡杨,50635400
华陂,50635401
小岳寺,50635402
王营,50635500
刘连寨,50635501
崇礼,50635752
东岸,50635753
朱里,50636000
蔡沟,50636100
韩寨,50636101
狼坡庄,50636102
大骆,50636103
孟角,50824506
兰考,50824700
爪营,50824709
史庄,50824714
张君墓,50824720
耿寨,50824721
堌阳镇,51224711
白楼,51224712
小宋北,51224713
史庄,51224714
东坝头,51232160
堌阳,51232170
南彰,51232180
大胡庄,51261121
宋营,51261171
堌阳,51322170
西八里庄,31006903
三家庄,31006904
花园庄,31006905
丰安,31006906
龙泉水库,31006907
张家岗,31006908
凤泉区,31005466
东鲁堡,31005467
分将池,31005468
前郭柳,31005469
耿庄,31022051
北曲沟,31006909
东柳圈,31024357
马投涧,31024400
高白塔,31024401
二十里铺,31024410
何官屯,31024411
李珍,31025050
东岭西,31025051
南阳城,31025052
都里乡,31025053
西柏涧,31025054
化炉,31025055
合山水库,31025056
南磊口,31025057
西子针,31025058
水冶,31025100
下河,31025101
新大堰,31025102
李庄,31025103
天喜镇,31025104
五里庙,31025105
岭头,31025106
东何坟,31025150
牛家河,31025151
林县庄,31025152
朝阳水库,31025153
四合,31025154
五龙沟,31025155
西马庄,31025156
白壁,31025210
西街,31025211
崔家桥北街,31025212
杨河固,31025213
北二十里铺,31025214
冯宿,31025250
郭家庙,31025251
里方,31025252
雷高利,31025253
师良,31025254
杨贾,31025255
辛村乡,31025256
李北郭,31025257
丁桥口,50429400
蔡口,50429401
刘楼,50429402
孟庄,50800750
新旺居委会,50823201
大董庄,50823202
前杨庄,50823203
大陈,50826550
穆店乡,50826556
阎小庄,50868406
四山,62012101
棠梨树,62015000
太子寺,62021411
玉皇庙,62022691
马家场,62022692
石庙,62024005
徐营,62024701
方山水库,62024702
高峰,62047900
二潭,62048200
柳树底,62048300
杏山,62048400
镇平,62048700
芦医,62048900
贾宋,62049000
四山,62049101
青山前,62049102
大河东,62049103
西黑龙庙,62049104
曲屯,62049105
韩营,62049106
街北村,62049107
东赵营,62049108
官寺,62049109
常营,62049400
刘家岗,62050001
安国,62050002
姜庄,62050003
李桥,50322050
邢庄,50322100
万老庄,50322101
徐湾,50322151
陈店,50322152
十里铺,50322153
黄楼,50322154
孙召,50322155
弥陀寺,50322156
韩集,50322157
砖店,50322158
栎城,50322159
小李庄,50322160
洪山庙,50326500
冯围孜,50326750
宋岗,50326851
关津,50326852
练村,50326853
杨庄户,50326854
何营,50326855
棠村,50326856
河坞乡,50326857
化庄集,50326900
阎庄,50327101
小张庄,50320700
吕店,50320701
黄湾,50320750
焦子岗,50320901
出山,50320902
徐庄,50320903
合水,50320904
唐庄,50320905
月林,50320906
宋营,50320907
权寨,50321100
张堂,50321101
大郭,50321150
徐楼,50321151
庄王,50321201
顾庙,50321202
油坊张,50323303
师灵,50323304
关桥,50323305
毛庄,50323306
宋集,50323307
苗庄,50323308
仪封,50323952
汪庄,50324000
专探,50324001
罗阁,50324002
焦庄,50324050
二郎,50324051
舞阳,50320650
纸房,50628350
孟寨,50629900
放磨店,50629901
大岗,50629902
伸张,50629903
周柴,50629904
章化,50629905
刘集,50629906
保和,50630050
坡杨,50630100
放磨店,52629901
新李庄,31020249
宁郭,31020250
丰顺店,31020254
三阳,31020255
西陶,41422241
北郭,41422242
大虹桥,41422245
东石寺,41425701
谢旗营,41425702
邢庄,41425703
圪垱店,41425704
二铺营,41425705
小马营,41425706
东唐郭,41702401
童贯,41702402
西小庄,41702406
杨店,62016201
源潭镇,62026206
少拜寺,62054800
大河屯,62054900
少拜寺(1),62054901
李庄水库,62054902
范庄,62056201
张马店,62056500
毕店,62057000
祁仪,62057100
昝岗,62057200
田桥水库,62057400
田桥水库,62057401
白秋,62057600
湖阳,62057800
太山水库,62057810
李油坊,62057820
王楼,62057830
临泉一水库,62057840
满岗,62057850
南牛庄,62057860
前吴庄,62057861
苍台,62057900
前庄,62058201
张马店(1),62058202
王油坊,62058203
上刘庄,62058204
内黄,31004050
大堤口,31024051
碾头,31024052
林子,31024053
东四牌,31024054
千口,31025350
西野庄,31025351
北冯,31025352
东江,31025353
裴辛庄,31025354
桑村,31025401
小徐,31025402
东大城,31025410
靳庄,31025411
二杨庄,31025412
甘庄,31025430
庆丰庄,31025431
楚旺,31025432
中召,41427500
原武,41425750
陡门,41425751
包厂,41425752
板张庄,41425753
蒋庄,41425754
韩董庄,41425755
大宾,41425850
杨大寨,41425851
梁寨,41425852
原武,41425853
师寨,41425950
圈娄,41425951
祝楼,41425952
赵清庄,41425953
福宁集,41425954
王杏兰,41425955
原阳,41426050
牛井,41426051
葛埠口,41426052
靳堂,41426053
阳阿,41426054
西别河,41426100
太平镇,41426101
党寨,41426102
李辛庄,41426250
郭庄,41426311
马楼,41427900
朱沙沃,41427901
吴坝,41427902
夹河,41427903
东影堂,41427904
东影堂,41427905
葛集,41427906
郑州水文局,50606602
市水务局,50606614
市委,50606615
高庙,50630370
牛王庙嘴,50630450
大李庄,50631353
沟赵,50631354
歇马营,50631800
大营,50631950
郝寺,50631951
大桥,50632000
邹家,50632001
韩佐,50633050
洧川,50633100
张市,50821900
荣村,50821901
大马,50821902
郭佛,50821903
中杜柏,50822101
小河,50621402
宋庄,50621403
康封,50621404
范湖,50621450
后河庄,50621451
姜庄,50621650
山前姜庄,50621651
岗西前街,50621652
光门李,50621653
庙坡,50621654
刘楼,50628051
张村,50628052
房村,50628053
李吾庄,50628054
高集,50631900
练寺,50633250
陈贾,50633251
洼刘,50633252
刁陵,50633253
土河套,50633254
大新镇,50633353
白潭,50633450
魏桥,50633500
白潭,50666096
崔桥,50822100
常庄闸,50822102
阎三湾,50605541
宋沟水库,50605542
垛上,50605543
头郭,50622880
边庄水库,50624751
朱庄,50625151
杨庄,50625156
闹店,50627351
李庄,50627352
大营(平顶山),50627500
北郭庄,50627501
房庄水库,50627502
白庄,50627503
白店,50627504
高铁炉,50627505
杨树沟,50627506
闹店镇,50627507
杨岗,50627508
宝丰,50627600
耿庄(宝丰),50627611
前营,50627612
商酒务,50627613
周旗营,50627614
肖旗营,50627615
赵庄,50627616
观音堂,50627617
熊寨,50222459
陡沟,50222600
孟寨,50222601
雷寨,50222701
施庄,50222702
江湾,50224000
姚庄,50224001
范店,50224002
康店,50224003
梁庙,50225400
铜钟,50225500
兰青,50225501
彭桥,50225502
高庄,50225503
大高庄,50226550
闾河店,50226600
杨店,50226650
王围孜,50226700
新丰集,50226750
王庄,50326451
傅寨,50326452
正阳,50326550
袁寨,50326600
李林水库,50326610
汝南埠,50326700
油坊店,50326701
岳城,50326702
李楼,50428600
罗头张庄,50428900
倪堂,50428901
郸城,50429000
秋渠,50429100
大马庄,50429101
岳庄,50429102
张完集,50429500
将军寺,50634200
汲冢,50634201
潘荒提水战,31026503
工农渠管理处,31026502
工农渠管理处,31006502
后罗村,31024015
鹤壁,31024150
马庄,31024907
赖家河,31024908
温家沟,31024910
寺望台,31024911
红星水库,31024913
故县,31024914
东申寨,31023800
柴郎柳,31023801
大林头村,31023803
马成精,41426950
中辛庄,41427000
冢上肖街,41427001
东冯营,41427002
上官村,41427200
齐营,41427201
西缑,41427202
牛屯,41427203
鲁邑寨,41427204
小果园,41427205
穆营,41427206
白道口,41427450
沙岗,41427451
小寨,41427452
小营,41427453
祝庄,41427454
李村,41427455
绳马场,41427557
申安张,50601051
长枪王,50601052
固厢乡,50601131
观街,50601132
陈庄,50601181
临颍,50622200
高宗寨,50622201
瓦店,50622507
罗庄,50665623
东鸣鹤,41607209
油房头,41612123
上观,41612126
白杨,41612127
张园,41612128
盐镇,41612129
河西,41612130
穆册,41612131
七峪,41612132
王岭,41612424
杜渠,41612425
宋王沟,41612426
小马沟,41612427
贺沟,41612428
耿沟,41612429
贾院,41612430
马沟,41612431
寻村,41612432
张坞,41612433
南坡,41612434
雷鼓台,41612435
石窑沟,41612436
东赵,41612437
陈宅,41612438
高岩,41612439
石门(宜阳）,41612440
后河水库,41626601
中玉,41626602
里沟,41628601
苏河,41628602
关庄,41628603
竹溪,41628604
花山,41628605
铁佛寺,41628751
刘河,41628752
栗封,41652408
黄塘,31020110
白莲坡,31020120
张三街,31020121
寨豁,31020122
郭顶,31020131
黄岭,31020132
司窑,31020133
玄坛庙,31020150
大底,31020151
南坡,31020152
博爱,31020200
许良,31020201
张木光,31020210
磨头,31020251
西金城,31020252
王保,31020253
西王贺,41422240
奉母,50622250
逍遥,50622300
石坡,50622701
张庄,50630220
阎岗,50633300
西华县,50633340
皮营,50633350
看张,50633351
孙董,50633352
东夏,50633650
吴店庄,50634053
严庄,50666471
小杨,50601053
大王,50601182
郾城区水利局,50604001
袁庄,50609311
化庄,50609312
商桥,50621750
十五里店,50628400
张胡魏,50634800
坡刘,50634853
王湾,50634854
苏侯,50634855
李庄,50609420
练集,50633800
邓城,50633801
后胡,50633802
贺庄,50633850
尚集,50635000
巴村,50635050
张庄,50635100
王爷庙,50635150
白寺,50635200
秦湘湖,50635201
刘屯,50635202
吴庄,50635203
曹渠,50666733
白村,50601111
头道庙,50602222
下汤,50602800
车场,50602840
南营,50602880
小团城,50604450
五道庙,50604480
石门(鲁山),50604501
鹁鸽吴,50604611
麦川,50604641
南杨庄,50608922
石人山,50622700
独嘴,50622750
下坪,50622800
想马河,50622801
二郎庙,50622850
坪沟,50622900
平沟,50622910
东下坪,50622950
母猪峡,50622951
东竹园,50622952
双石滚,50623000
坡根,50623010
十亩地洼,50623020
三岔口,50623030
国贝石,50623040
赵村(鲁山),50623050
火神庙(鲁山),50623060
白草坪,50623100
老虎笼,50623101
合庄,50623350
枣盘,50623351
南沟,50623450
豹子沟,50623500
五道庙,50623600
玉皇庙,50623650
王家庄,50623651
九道沟,50623700
玉皇庙,50623850
磁盘岭,50623900
背孜街,50624000
井河口,50624050
土门,50624100
构树庄,50624101
焦庄,50624120
马老庄,50624130
叶坪,50624150
王画庄,50624160
瓦屋,50624200
交口(鲁山),50624201
龚庄,50624202
红石崖,50624211
牛王庙,50624300
响潭沟,50624400
熊背,50624500
宝山,50624501
小石门,50624503
双柳树,50624504
三间房,50624505
西陈庄,50624511
上仓头,50624551
常庄,50624552
刘芳庄,50624553
界板沟,50624554
井泉,50624610
三间房,50624611
山刘庄,50624612
刘寨,50624613
余庄,50624614
萧何,50624615
韩信,50624616
鲁山,50624650
仓头,50624711
榆树庄,50624712
梁洼,50624750
郎坟,50624753
盆郭,50624754
史庄,50624755
碾盘庄,50625051
玉皇店,50627310
桔茨园,50628200
梅庙,50920700
侯岭,50920701
丁路口,50920702
孙楼,50920703
陈庄,50920704
刘河,50920705
条河,50920706
马桥,50920707
邸楼,50920708
浑河集,50921400
大王集,50921500
裴桥闸,50921501
唐楼,50921502
胡道口,50921503
蒋口,50930900
陈集,50931200
曹庄,50931201
乔集,50931202
温庄,50932200
茴村,50932400
蒋庄,50932401
洪路口,50963682
郭村,50827402
谢集镇,50827603
丁柿园,50827801
包公庙,50827900
田洼,50864401
睢阳区水务局,50900551
水池铺,50900555
坞墙,50900556
火胡庄,50920101
冯桥,50920401
开封,50823500
杏树园,41612142
段平,41612143
王庄,41612144
韩村,41612145
阎庄,41612146
上湾,41612147
杨村,41612149
张岭,41612251
竹元沟,41612252
张虎沟,41612253
上磙磨湾,41612254
楼上,41622701
太山庙,41622702
滕王沟,41622703
龙潭(嵩县),41646440
谢庄,41646441
疙瘩,41646442
下庙,41647603
童子庄,41647620
东沟(嵩县),41647630
大王沟,41647640
大王沟,41647641
老道沟,41647642
万村,41648700
旺坪,41648701
赵园,41648710
黄水庵,41648711
栗子元,41648712
上蛮峪,41648713
王坪,41648714
汪庄,41648720
箭口河,41648721
孟沟,41648722
茅沟,41650000
任凹,41650001
七泉,41650210
里沟,41650211
吕沟,41650212
草庙,41650213
石楼,41650214
九店乡,41650215
禹山,41651400
孙店,50625350
龙王庙,50625450
高峰,50625451
拜石,50625452
陈楼,50625453
栗树街,50625454
碾盘沟水库,50625455
榛子树,50625456
塔园沟,50625457
两河口(嵩县),50625500
蝉螳,50625550
石滚坪,50625551
蒲池,50625552
北沟,50625553
升坪,50625610
黄庄,50625650
道回,50625651
养育沟,50625658
虎尾岭,50626613
白河,62040500
下寺,62040501
大青,62040502
白云山,62040520
瓦房,62040530
栗扎树,62040540
火神庙(嵩县),62040550
竹园(1),62040560
佛坪,62041401
焦作,31020300
龙洞,31020303
南敬村,31020305
北朱村,31020309
桑园,31020355
赵庄,31020356
天平山水库,50201480
西双河,50201600
工程二局,50201901
信阳水利局,50201902
十三里桥,50201905
马店,50201906
金牛山,50201907
游河,50221850
阎庄,50222200
明港,50222350
彭家湾,50222700
武胜关,50222800
新店,50222850
老门,50222851
龙嘴,50222852
郭畈,50222853
马家畈,50222854
龙潭,50222855
老君洞水库,50222856
四望山,50222857
林场,50222858
检柴沟水库,50222859
桃园,50222860
塔耳湾,50222861
刘湾,50222862
台畈,50222900
天平山,50222950
麻树坦,50223000
大庙畈,50223250
新建,50223350
浉河港,50223400
黄龙寺,50223500
董家河,50223600
邱湾,50223610
马止沟,50223620
驼店,50223621
西新集,50223623
游河乡,50223624
堰口,50223625
东双河,50223750
清水,50223751
堰冲,50223752
杨堰,50223753
龙井沟,50223800
五里店,50223900
小杨庄,31022001
小店,31022002
小潭,41426055
僧固,41426103
常辛集,41426104
冯班枣,41426105
丰庄,41426106
王楼,41426107
司寨,41426108
庞古寨,41427100
胙城,41427150
新安,41427151
塔铺,41427152
朱寨,41427153
岳庄,41427155
张河,41427156
魏邱,41427157
沙口,41427158
新新街办事处,50603202
平顶山一矿,50603203
温集,50603206
滍阳,50625150
叶营,50625152
徐洼,50625155
井营,50627512
东洼,50627513
刘沟,50627514
郑州,50606600
华北水院,50606601
省委,50606611
顺店,50620900
井沟,50620901
冯庄,50620902
河刘,50620903
谷北,50620904
麻地川,50620905
牛头,50620950
毛栗沟,50620951
龙佛寺水库,50620952
黄土岭水库,50620953
牛头水库,50620954
鸠山,50621050
石门水库,50621051
赵庄,50621052
南寨,50621053
空窑,50621054
巴庄,50621401
前屯,50621405
杨园,50621406
小吕乡,50621407
李楼,50621408
古城,50622000
高庙董,50622001
钟楼,50622002
月湾,50622003
禹州,50622600
马坟,50622601
元木,50622602
刘家门,50627161
西马寨,50627162
浅井,50627163
东炉水库,50627164
李金寨,50627165
薛河,50627166
柏桥水库,50627167
鸿畅,50627168
山曹,50627169
神后,50627750
赵楼,50624911
临汝镇,50626500
关庙,50626501
神沟,50626502
乐寨,50626503
爻院水库,50626504
大张水库,50626505
朱沟村,50626506
寨湾,50626507
于窑,50626508
黄窑,50626509
大泉,50626510
下焦,50626511
荒草寺水库,50626512
西赵落,50626513
夏店,50626550
西马庄,50626551
朱沟村,50626552
寄料街,50626600
炉沟,50626601
陈沟水库,50626602
治墙,50626603
坡根,50626604
车厂,50626605
郭沟,50626606
郑铁,50626607
尹庄,50626608
任村,50626609
陈家,50626610
蟒窝,50626611
朝川,50626612
炉沟,50626614
西安沟,50626615
西安沟,50626617
蟒川,50626750
张沟,50626751
黑龙庙,50626752
半东,50626753
棉花窑,50626800
大泉,50626900
大峪店,50627000
大峪,50627001
常窑水库,41641006
礼召,41641007
程村,41641008
千秋镇,41641009
义马市,41641021
后何路口,50921200
业庙,50921300
白庙,50921401
桑固,50928800
刘堤圈,50929200
吴寨,50929700
司破楼,50929801
夏邑,50929900
王集,50930700
刘花园,50930701
辛集,50930800
苏庄,50930801
胡桥,50930901
郭店,50931000
刘大楼,50931001
歧河,50931002
骆集,50932000
袁楼,50932001
高楼,50962646
陈兴寨,50202500
寨河,50202501
苏岗,50224357
肖店,50224358
钱大湾,50225950
易洼,50226000
报安,50226001
魏岗,50226002
崔棚,50226003
李长店,50226004
陈寨,50226005
张老湾,50226006
赵桥,50226007
卢河,50226012
张岗水库,50226013
陈大湾,50226014
吴大湾,50226015
殷棚乡,50226016
方洼水库,50226017
马畈镇,50226018
屈岗,50226019
耿寨,50226020
老虎山,50226101
北向店,50226200
赵畈,50227207
雀村,50227208
陈洼,50227209
梁洼水库,50227210
邹棚,50227211
代楼,50227212
熊畈,50228415
万河,50228600
文殊,50228650
光山,50228800
王湾,50228850
汪河,50229552
焦作影视城,31020304
秋树沟,62001826
洪湖,62001827
黄沙,62007800
石灰岭,62007850
大坪,62008100
子母沟,62008210
酒馆,62008300
桑坪,62023801
行上,62023810
行上,62023811
罗家庄,62028620
德河,62028630
香坊沟,62028650
方家庄,62029100
黑烟镇,62034000
阳栗坪,62034001
新庄,62034700
石门,62034710
黄石庵,62035100
上口,62035101
军马河,62035300
白果,62035310
凉水泉,62035320
莎草沟,62035321
西万沟,62035322
宝玉河,62035330
张庄,62035340
杨盘(西峡),62035350
太平镇,62035500
银寺沟,62035501
二郎坪,62035700
栗坪,62035710
草湖峪,62035720
西庄河,62035721
下河,62035723
小集,62035724
瓦房庄,62035740
蛇尾,62035900
陈阳坪,62036500
虫岈,62036520
丁河,62036700
大竹,62036701
瓦房店,62036710
德胜,62036730
古峪,62036731
寺山(多),62036733
桑树,62036740
前营,62036800
石岭河水库,62044101
丹水,62046700
南湾,62046701
阳城,62046800
袁庄,62046801
黑虎庙,62046802
北凹,62046803
田关,62046804
别沟,62046805
杜店,62048251
吴岗,62048252
八迭堂,62048253
慈梅寺,62048254
二居委,62048255
回车,62048256
芒种桥,50920300
王楼闸,50920301
秦楼,50920302
尹庄,50920303
杜集,50920400
唐庄,50920402
柴庄,50920403
界沟,50920500
大侯,50921100
虞城,50928700
郑集,50928900
李魏庄,50929000
营盘,50929100
贾寨,50930000
利民,50930100
姜楼,50930600
张集,50931800
闻集,50961536
大王庄,50962421
水屯,50304304
黑石山,50323251
石板冲,50323252
大江庄,50323402
韦岗,50323601
林业村,50323602
杏花沟,50323606
石鼓庄,50323607
徐家庄,50323608
洛庄,50323610
诸市,50323755
李庄,50323756
沈楼,50323757
朱庄,50323801
刘阁,50324550
张庄,50324650
大邓庄,50324651
顺河,50324901
大雷沟,50324902
吴楼,50324903
洪堂村,50324904
刘庄,50325851
西杨庄,50325852
高门楼,50325853
阎楼,50325854
蓼堤镇,50825301
洼张,50825302
刘楼,50825351
潮庄,50826100
余公集,50826200
闫庄,50826201
程楼,50826202
赵新寨,50826203
一刀刘,50826204
白楼,50865376
睢县,50825350
三里庄,50608721
新安集,50634400
王寨,50635900
木庄,50636500
杨寨闸,50636501
卞路口乡,50636502
赵德营,50636650
赵德营,50636651
贾楼(沈丘),50667363
淅川,62001800
安沟(南阳),62001820
西簧,62001821
磨峪湾,62001822
白沙岗,62001823
仓坊,62001824
邹楼,62001825
大龙庙,62021801
梁凹,62021802
关帝,62021803
曹庄,62021805
袁岭,62021820
桐柏庙,62021822
毕家台,62021823
新建,62021824
党院,62021825
刘伙,62021826
杨岗,62021827
张河,62021829
裴营,62021830
涧沟,62021831
卢嘴,62025601
城关,62032400
重阳(新),62036300
毛家庄,62036721
大扒,62036722
杨湾,62036723
火星庙,62036724
柳树,62036725
淅川,62037700
黄庄,62038100
魏寨,50603204
程庄,50627519
襄城,50628050
东高皇,50628150
东高皇(1),50628151
尚店,50320050
刀子岭,50320100
袁门,50320150
苇子园,50320151
小王庄,50320152
长岭头,50320153
康庄,50320154
大王庄,50320155
尹楼,50320156
五座窑,50320157
雷庄,50320158
柏庄,50320200
安寨,50320450
王楼,50320600
庙街水库,50320651
石桥杨,50320652
上曹,50320653
王楼,50320654
滚河孙,50320655
扁担李,50320656
吴庄,50320657
平河,50629221
小李庄,50629311
大吴,50631501
师厂,50631505
白沙,50631601
坡岗李,50631602
万滩,50631603
省水文局,50631604
邱堂,50631605
芦岗,50631606
阎堂,50631607
板桥,50631608
三异张,50631700
蒲北孙,50631701
张庄,50631702
九龙镇,50631703
郑庵,50631704
姚家,50631705
韩寺,50631706
八岗,50631707
冯堂,50631708
马家,50631709
宋家,50631710
坡东李,50631750
东漳,50820400
雁鸣湖,50820401
狼城岗,50820402
关家,50820403
九堡,50820404
韩庄,50820500
徐家村,41607205
南翟坡,31021904
南翟坡,31005401
张唐马,31021740
南于店,31021741
大块,31021742
小吉,31021900
康庄,31021903
毛滩,31021945
古固寨,31022003
小河,31022004
洪门,31022005
地震局,50606608
铁路局,50606609
二七农委,50606616
三李,50630350
樱桃沟,50630451
侯寨,50630452
马寨,50630453
大田垌,50630454
郭家嘴水库,50630455
孔河,50630780
胡阡营,62011407
魏庄,62011408
新店,62021405
瓦店,62045000
黄台岗镇,62045001
三八,62045002
曾庄,62045003
武寨,62055000
大路张,62057500
忽桥,62057700
沙沃,50821500
于镇,50821600
晁村,50822500
板木,50822700
邓圈,50822701
高阳镇,50822702
柿园,50824500
平城,50824501
西寨,50824502
傅集,50824503
方庄,50824504
老庄,50824505
阳堌,50861566
十字路,50321703
射桥,50321704
前张桥,50321705
张铁,50321706
小任庄,50321800
高杨店,50321801
东和店,50321802
前楼,50321803
万寨,50321900
平舆,50321950
郭楼,50321951
柳庄,50321952
玉皇庙,50321953
杨埠,50321954
小吴庄,50321955
李屯,50321956
大许,50321957
万金店,50322000
辛店,50326208
老王岗,50326209
小李湾,50326650
高楼,50603207
曹坑,50624617
王事业楼,50827400
彭园,50827901
徐隆店,50900554
张阁,50921000
郭庄(商丘),50961431
郑阁,51232580
上乐,31003603
后河,31003604
正面(多),31005486
曲里,31022052
孙杏村,31022053
虎掌沟,31022054
秦庄,31022056
西柳位,31022057
倪湾,31022064
李源屯,31022065
张王屯,31022075
东良村,31022076
西拴马,31022251
李家沟,31022252
靳庄,31022253
雪白庄,31022254
白寺,31022255
神头,31022256
黄山,31022257
大谷驼,31022258
猴头脑,31022259
顿坊店,31022260
吴村,31020650
周庄,31020653
上马庄,31020654
赵和庄,31020655
平甸,31020900
西寨山,31020950
西沟,31021021
谷浴寺,31021022
官山,31021100
白草岗,31021150
褚丘,31021151
五里窑,31021200
回龙,31021201
龙水梯,31021202
黄水口,31021450
新乡庄,31021451
苗固,31021452
高庄,31021500
外河水库,31021501
东张飞城,31021502
大枣园,31021503
张村,31021510
丁庄,31021540
茅草庄,31021550
后庄水库,31021599
四里厂,31021600
上八里,31021601
白云寺,31021602
鸭口,31021603
张雷,31021604
占城,31021605
新村(辉县),31021606
辉县,31021650
百泉,31021651
胡桥,31021652
南观营,31021653
后窑,31021654
冯窑,31021655
赵凝屯,31021656
尚厂,31021705
穆家营,31021706
峪河,31021707
南寨,31022850
后庄,31022855
齐王寨,31022871
秋沟,31022872
北岸泉,31022873
坝前,31022874
要街,31022900
南坪,31022910
沙窑,31022911
南窑,31022912
郭亮水库,31022913
西沙岗,31022930
山怀,31022931
莲花水库,31022932
韩口,31022940
叶县,50608920
金龙咀水库,50608921
灰河营,50608923
姚王,50608924
张侯庄,50608925
后邓,50627517
遵化店,50627518
洪庄杨乡,50627520
水寨,50628250
廉村,50628251
任店,50628252
小河郭,50628253
高庄,50628900
水牛杜,50628921
邓李乡,50628922
旧县,50628950
杨令庄,50628951
蛮子营水库,50628952
刘东华,50628953
罗圈湾,50628954
赵岭,50628955
常村乡,50628956
夏李南,50628957
仙台镇,50628958
后李,50628959
半截楼,50628960
南房庄,50629152
梅林,50302151
立新,50303700
程楼,50303701
盘古,50303702
口门,50304000
上曹,50304001
马湾(泌阳),50322051
耿庄,50322181
乔楼,50322200
对谷窑沟,50322250
稻谷田,50322300
林子岗,50322350
贾楼,50322500
陡岸,50322501
蚂蚁沟,50322600
桃花店,50322650
崔湾,50322651
刘河,50322652
双庙,50322800
时庄,50322900
毛胡张,50322901
春水,50322902
下陈,50323100
石灰窑,50323101
下碑寺,50323102
林庄,50323150
沙河店,50323400
小周庄,50323609
枣园岗,50324800
何庄,50324801
柳树王,62017010
郭集,62017101
马道(泌阳),62017102
古城,62017111
沟李,62017112
褚湾,62017113
马斗沟,62053300
羊进冲,62053400
邓庄,62053500
铜峰,62053600
罗沟,62053601
柳河,62053800
郑庄,62053801
周庄,62053802
王店,62053900
岳王岗,62053901
高邑,62053902
马谷田,62054000
王冲,62054001
郭岗,62054002
孙庄,62054003
西陈庄,62054004
山后,62054005
二铺,62054100
栗园,62054200
小高庄,62054201
吉岗,62054202
官庄,62054700
郭明吴,62054903
上冯,62054904
曹庄,62054905
黄陂桥,62054906
后龚庄,62054907
石羊城,62054908
秦老庄,62054909
杨家集,62054910
东岳庄,62054911
赊湾,62054912
大磨,62054913
西王庄,62054914
闵庄,62054915
穆庄,62054916
田庄,62054917
程店,62077809
崇阳,41630900
故县水库,41605600
竹园沟,41612113
言里,41612114
牛头,41612115
陈吴庙,41612116
焦河,41612117
南丈,41612124
小洼,41612125
赵村,41612134
沟门,41612135
程家岭,41612136
石板河,41612400
杜河,41612401
胜利口,41612402
窑沟,41612403
连山,41612404
孟家峪,41612405
坡根,41612406
吴窑,41612407
马店(洛阳),41612408
石窑,41612409
中河,41612410
马村,41612411
陕庄,41612412
牛庄(洛阳),41612413
河底,41612414
铁炉坪,41612415
新庄(洛阳),41612416
上高村,41612417
底张,41612418
柴窑,41612419
郭庄(洛阳),41612420
马营,41612421
金山庙,41612422
安坡,41612423
马营山,41626001
瓦庙,41626002
沟沿,41626003
三龙庙,41626004
连山,41626005
上戈,41631000
洛宁,41632680
鳔池,41632681
蒿坪,41632682
潮天浪,41632683
小石介,41634400
苇子村,41634401
北至,41646507
惠济区,50606607
黄河游览区,50606612
老鸦陈,50606613
古荥,50631256
徐庄,50631502
马渡,50631503
夏庄,50631504
毛庄(郑州),50661348
白寨,50630250
小王庄,50630700
小南岗,50630740
尖山,50632150
密县,50632200
北召,50632201
杨岗,50632202
崔沟,50632203
东瓦店,50632204
饮虎泉,50632300
刘沟,50632301
王村,50632350
平陌,50632351
黄寨,50632352
龙潭水库,50632353
大潭嘴,50632400
玉皇庙,50632401
马武寨,50632402
黄湾寨,50632403
刘寨,50632404
岳村,50632500
驼腰,50632501
曲梁,50632550
杨庄,50632551
坡刘,50637941
杨庄,50621900
千户寨,50621901
五虎赵水库,50621902
林庄,50621903
观音寺镇,50621904
北靳楼,50621905
东郭寺,50621906
刘店,50627983
小洪沟,50631302
郭家庄,50631303
郭店,50631304
孟庄,50631305
孟庄水厂,50631306
新郑机场,50631307
人和寨,50632651
新郑水利局,50632652
梨河,50632653
和庄,50632654
八千水厂,50632655
龙王,50632656
薛店,50632850
常刘,50662218
彰新寨,62016002
东田,62016003
贾寨,62016004
栗盘,62016005
井楼,62017011
朱集乡,62017114
桥头镇,62017601
湾刘水库,62026201
郝寨镇,62026202
圭章水库,62026203
百亩堰水库,62026204
半坡水库,62026205
陌陂,62052400
半坡,62052700
饶良,62053100
苗店镇,62053101
坑黄,62053200
林扒,61949100
邓县,62014400
郭王,62024402
半坡水库,62024403
城区,62024404
寨上,62031801
龙堰,62031802
单坡,62031803
张村,62047500
邓县(1),62047600
大王集,62049100
穰东,62050000
构林,62051200
夏屯(新),50302500
和庄,50304300
韩庄,50304301
老君庙,50304302
石庄,50304303
贾庄,50321550
板店,50321901
留盆,50321902
罗店,50324900
常兴,50325762
官庄,50325763
和孝店,50325900
马乡,50325901
任庄,50325902
王岗,50326201
三里店,50326202
三门闸,50326203
金铺,50326204
余店,50326450
安阳城,31020301
待王镇,31020302
西韩王,31020306
指挥寨,50604002
问十,50630150
大陈,50634852
石龙区,50603205
大庄,50624752
召陵区,50604003
韩庄,50634801
邓襄,50634802
归村,50634851
梅山,50500350
黄岗,50220065
熊营,50220066
铁铺水库,50222360
陈围,50500706
田庙,50500707
铁铺水库,50500708
陈围,50500850
陈淋,50523000
石佛,50523300
武庙集,50523400
平阳,50523401
院墙岗,50523402
锁口,50523403
刘楼,50523404
凉亭,50523405
袁围,50523406
夹河,50523407
二道河(信阳),50523600
方集,50523700
郭陆滩,50523800
胡楼,50525254
棠堆,50525255
乐道冲,50525256
赵岗,50525270
黄家岗,50525290
甄湾,50525291
冯岗,50525292
西陈集,50525293
罗围,50525294
花集,50525295
臧集,50525296
上庄,50525297
方岗,50525298
土门岭,50525310
五尖山,50525380
钓鱼台,50525381
桂岗,50525382
马罡,50525700
宋集,50525800
胡族,50526000
杨集,50526200
桥沟,50526600
田庙,50526601
安山,50526800
陈集,50526900
阳邵,31025441
北照市,31025442
清丰,31120200
后二庄,31120201
大流,31120250
杨村,31120301
张林子,31123451
大什字,31123452
马村,31123453
赵楼,31123455
仙庄,31123550
高庄(濮阳),31123560
小河,50627150
冢头,50627151
李渡口,50627152
安良,50627153
团造,50627154
白庙,50627155
寨子,50627156
韩店,50627200
山头赵,50627201
平盘,50627202
山头张,50627203
任庄,50627204
纸坊,50627205
西大街,50627206
北三郎庙,50627207
任刘庄,50627208
茨芭,50627209
前庄,50627210
黄道,50627211
李口,50627353
李口东南,50627510
小张庄,50627511
郏县(巡),50627650
刘武店,50627900
东官庄,50606201
李庄,50624950
达店,50625000
吴庄,50625001
庹庄,50625002
神林,50625003
善庄,50625004
张庄,50625050
油坊庄,50628450
四里店,50628500
大田庄,50628550
母猪窝,50628600
拐河,50628650
南王庄,50628651
黄土岗,50628652
果木庄,50628653
板凳沟,50628700
横山马,50628750
马道(方城),50629000
韩山庄,50629001
花园,50629002
金汤寨,50629050
吴沟,50629100
范沟,50629150
范沟水库,50629151
小史店,50629200
三岔口,50629201
北竹园,50629210
东沟(方城),50629211
王店,50629220
治平,50629300
梁城,50629310
小刘庄,50629350
独树,50629450
郭林,50629451
小辛庄,50629452
牛世隆,50629453
扬子村庄,50629454
马岗,50629455
烟庄水库,50629457
古庄店(平),50629459
蔡岗,50629500
刘岗,50629550
小周庄,62044800
维摩寺,62051700
赵庄,62051800
罗汉山,62051900
景湾,62051901
后楼,62051902
栗园河,62051903
平高台,62052000
杨集,62052100
小周庄,62052101
中封,62052102
青石坡,62052103
陈茨园,62052104
前刘庄,62052105
方城,62052200
三道河,62052201
明理,50622301
张庄,50622302
钱桥,50622450
程庄,50622500
东只乐,50622501
屯沟,50622502
柳寨,50622503
刘庄,50622504
任营,50622505
郭营,50622506
柏梁镇,50622508
蔺庄,50622509
戴岗,50631901
杜郎,50664303
石大沟,31005651
口上,31022800
临淇,31022950
泽下,31022951
七峪,31022952
白泉,31022953
黄洛池,31022954
大峪,31023000
南沟,31023001
茶店,31023050
郭家屯,31023051
李家寨,31023052
牛窑沟,31023301
石板沟,31023302
小店（安阳）,31023400
兴泉,31023401
姚村,31024500
栗家沟,31024501
北杨,31024502
石楼,31024550
黄华,31024551
桃园,31024552
田西峪,31024553
高家台,31024560
南陵阳,31024600
林县,31024650
小屯,31024750
北采桑水库,31024751
嵩园,31024752
王家庄,31024753
东姚,31024800
北坡,31024801
老里沟,31024802
李家厂,31024803
河顺,31025000
吴家井,31025001
留马村,31025002
官庄北水库,31025003
马家岩,31029010
盘龙山,31029011
牛岭山,31029012
石板岩,31029050
桃花洞,31029051
车佛沟,31029052
惠泉,31029053
任村,31029200
东岗,31029201
砚花水,31029202
西卢寨,31029203
王目,31029204
百石湾,31029205
李滩店,50825900
刘柿庄,50825901
关桥,50825902
柘城,50826400
安平,50826551
郑庄,50826552
远襄,50826553
李集,50826555
大仵,50827200
后十门李,50827201
袁西,50827202
陈杨庄,50867416
和庄(商丘),50825800
唐洼,50826554
郭屯,50827101
袁庄,50827401
孔集,50827600
后吕庄,50827601
郭子敬,50827602
葛伯屯,50866411
蔡家沟,41625913
涧北沟,41629201
骨朵,40912200
窑峪,40922100
北沟,40922101
南盘,40922102
秋凉河,40922150
尧头,40927151
官道口,40927950
鱼池,40927951
瓮观,40927952
松木,41605001
桑树沟,41612100
金架沟,41612101
新坪,41612102
郭埝,41612103
杨眉河,41612104
张家村,41612110
潘河,41612111
十字路,41612112
下河,41612151
鸟桥,41612152
山岔,41612153
汪草沟,41612154
橡子沟口,41612155
泥沟口,41612156
马楼驼,41612157
头峪,41612311
清河,41622110
后虎峪,41622111
桦栋树,41622112
耿家,41622113
横涧,41622116
木桐沟,41624800
沙河,41624900
葫芦湾水库,41624901
官坡,41625800
沟口,41625801
龙驹,41625900
庙台,41625910
石家,41625911
白花,41625912
熬家,41625920
兰草,41625940
兰东,41625941
磨沟口,41625942
安坪,41625943
拐峪,41625950
三关,41625951
石断河,41625960
夜长坪,41625961
西虎岭,41625962
曲里,41625963
育林,41625964
乱石,41625965
东河(卢氏),41626201
岗头,41626202
两岔口,41626203
前村,41628000
李子坪,41628100
温口,41629000
毛庄,41629200
熊耳,41629300
义节沟,41629500
阴坡根1,41629511
大石河,41629600
磨上,41629601
太平,41629602
三门,41646500
水电局,41646501
白玉沟,41646502
何窑,41646503
王湾,41646504
冯家岭,41646505
清涧,41646506
后刘家,41646508
高庄,41646509
前窑,41646510
通河,41646511
文峪,41646512
刘家庄,41646513
刘家村,41646514
大干,41646520
薛家沟,41646521
马庄,41646522
阴坡根2,41646523
乱石板村,41646524
瓦房院,41646531
马跑泉,41646532
干江河,41646533
范里,41646550
铁锋,41646551
东坪,41646552
杨庄(卢氏),60003460
魏王坪,60003470
胡家庄,62003471
高河,62006100
朱阳关,62007500
坡根,62007501
低里坪,62008220
双槐树,62008230
雷家庄,62008411
金家庄,62008412
撞子沟,62023820
大坪,62023830
磨沟(卢氏),62023840
狮子坪,62028000
里曼坪,62028200
瓦窑沟,62028400
庙上,62028410
颜子河,62028500
叶家庄,62028501
东沟,62028510
下庄科,62028520
柳树湾(卢氏),62028560
阳坡,62028561
大块地(卢氏),62028570
西大坪,62028580
漂池,62028590
小到回沟,62028591
龙泉坪,62028600
观沟,62028610
杨庄,62028640
香山(卢氏),62032800
西川,62032801
中桃花,62032802
马连,62032803
瓦穴子,62032804
毛坪,62032805
黄坪,62033400
当中院,62033401
小沟河,62033402
黄营,50633950
丁集,50633951
申营,50635750
前邓楼,50635751
官会,50635850
官会,50635851
李寨,50636300
小郑营,50636350
项城,50636450
吴老庄,50668278
钓鱼台,40912260
雁坎,41612120
酒店,41612133
磨沟,41612137
南沟门,41612138
铁岭,41612139
马窑,41612140
胡家村,41612141
杨山,41612148
山湾,41644601
新南,41644602
养子沟,41644610
寨沟,41644620
磙子坪,41644630
上河,41644640
汉秋,41644641
大石窑,41644642
重渡,41644650
龙峪湾,41644660
郭店,41644670
白沙洞,41644671
杨庄(洛阳),41644680
红庙,41644700
杨树坪,41644701
三联,41644710
陶湾,41644800
庄科,41644801
肖圪垯,41644810
马圈,41644960
庙子,41646000
白土,41646400
北沟,41646410
下岔,41646411
坡前,41646420
大坪水库,41646430
阳庄沟,41646431
蒿坪沟,41646432
西羊道,41646460
白狮,41646600
朱家村,41646601
长庄,41646602
鸭石,41646603
康山,41646604
均地沟,41646605
孤山,41646606
合峪,41647600
水沟,41647601
官庄,41647602
合峪,41647604
庙湾(栾川),41647610
三川,62033000
黎明,62033100
栗树沟,62033110
东坡,62033120
上牛栾,62033130
火神庙(栾川),62033140
马阴,62033141
南泥湖,62033150
龙潭（栾川）,62033170
叫河,62033200
浚县食品厂,31006513
白寺,31023950
北王庄,31024000
夏庄,31024001
马庄,31024002
黄辛庄,31024003
屯子,31024007
南井固,31024010
张七营,31024011
刘堂,31024012
牛四马湖,31024013
侯村,31024014
李海屯,31024016
浚县,31024017
大榆柳,31024018
埽头,31024019
迎阳铺,31024100
龙口,31024253
庄头,31024254
善堂,31025413
湾子,31025420
马村,41427456
李新店,50222300
杨湾,50222351
潘集,50222352
薄庄,50222353
北泉寺,50222354
黑刘庄,50222452
金沟,50222453
双河乡,50222454
李塔,50222455
顺山店,50222456
乌石嘴,50222457
河西袁庄,50222458
臧集,50323600
胡楼,50323603
彭楼,50323604
橡林,50323605
大赵庄,50324400
吴李庄,50324450
柴岗,50325050
西王楼,50325051
段庄,50325100
陈楼,50325200
石滚河,50325250
小李庄,50325251
袁棚,50325252
下沟,50325253
高庄,50325254
刘楼,50325300
瓦岗,50325400
大甘庄,50325451
猴庙,50325550
驴尾沟,50325551
新安店,50325650
董埠口,50325750
白庙,50325751
大王楼,50325752
陈门店,50325753
蒋庄,50325754
任店,50325755
大陈庄,50325756
土门林区,50325757
普会寺,50325758
白庄,50325759
留庄镇,50325760
石龙山,50325761
确山,50325800
张大圆,50325850
刘店,50325880
获嘉,31021050
赵吴巷,31021701
史庄,31021702
西彰仪,31021703
黄堤,31021704
忠义,31021850
亢村北街,31021902
上涧,40912290
河南庄,40912300
坡头,40912310
后涧,40912320
四龙庙,40912330
峪峒,40912340
张沟,40912350
北段村,41421400
东庄沟,41421402
关底,41421403
南岭,41421404
五爱,41421405
鱼脊粱水库,41622120
南涧水库,41622121
石泉,41622122
杜家门,41622123
天池,41626603
渑池,41641000
南马村,41641001
陈村,41641002
裴窑,41641003
南坻坞,41641004
南泉水库,41641005
柳庄,41641010
仁村,41641011
雷沟,41641012
茹窑,41641013
寺庄坪,41641014
谷水,41641015
高岭,41641016
义昌,41641017
上西,41641018
小庄,62012201
黄楝,62012401
三岔口,62012605
郑庄,62012650
北马庄,62020801
贾沟,62022401
花坪,62022402
竹园(南召),62040600
乔端,62040700
白阴沟,62040701
穆老庄,62040702
玉葬,62040800
河口,62040810
沙石,62040830
胡柱,62040840
大青,62040850
天云,62040851
南河,62040852
九崖,62040853
小街,62040900
钟店,62041000
献房,62041001
余坪,62041200
焦园,62041400
马市坪,62041500
竹园庙,62041510
傲坪,62041520
菜园,62041600
粮食川,62041610
寨坡,62041611
康庄,62041612
杨盘(南召),62041620
李家庄,62041630
李家庄,62041700
羊马坪,62041800
仓房,62041801
二道河(南召),62041900
苗庄,62042100
花子岭,62042200
和平沟,62042320
五垛,62042340
白草垛,62042421
四棵树镇,62042500
南河店镇,62042600
火神庙(南召),62042620
申沟,62042621
下店,62042700
斗垛,62042800
上官庄,62042900
马窝,62042901
东花园,62042950
柏林阉,62042980
下石笼,62043000
留山,62043300
郭庄,62043600
云阳,62043700
老庙,62043750
铁佛寺,62043780
杨西庄,62043800
建坪,62043900
回龙沟,62043901
分水岭,62043910
小店(南召),62044000
核桃园,62044001
杨树坪,62044010
小庄(新),62044200
磁塔崖水库,62044630
百间房,31020299
山阳水利局,31020307
焦作水利局,31020308
鹤壁水利局,31026501
盘石头水库（坝下）,31005660
鹤壁水利局,31006501
杨邑水库,31006503
淇滨区政府,31006504
耿寺,31006505
淇滨区职教园区,31006506
谭峪,31006507
马横岭,31006508
野猪泉,31006509
肖横岭,31006511
许沟,31006512
淇滨区南部综合功能服务区,31006515
杨小屯,31022413
安乐洞,31023651
太极图（南山）,31023652
申屯,31024250
将军泉,31024912
濮城,41427700
龙王庄,41427800
颜村铺,41427801
杨集,41427802
东张,41427803
丁石王,41427804
平昌关,50100200
羊山新区,50201903
平桥区,50201904
崔山,50220020
山头,50220021
廖庄,50220041
丁庄,50220081
杨楼,50220083
新集,50220084
吴堂,50220085
尚河,50220086
韩场,50220087
回龙寺,50220101
肖曹店,50222450
梁湾,50222451
刘集,50223626
新集(1),50223627
王庄,50223628
段湾,50223629
兴龙,50223640
陆庙,50223645
洋河,50223650
前楼,50223651
龙岗,50223652
沈庄,50223653
苏双楼,50223654
张新店,50223655
王店,50223656
连丰,50223657
陈畈,50223658
潘寨,50223659
蔡堂水库,50223660
郝堂,50223910
王寨,50500700
蔡堂水库,50500701
王寨,50526801
长洲河水库（长河桥）,50203351
郭家河,50224140
卡房,50224250
卡房(1),50224251
王畈,50224252
墨河,50224300
沙石湾,50225800
红柳,50225951
西畈,50227200
河铺,50227201
余河,50227202
董店,50227203
余畈,50227204
金河,50227205
朱洼,50227206
泗店,50227300
陈店乡,50227311
李泵,50227312
塘畈,50227350
田铺,50227400
朱冲,50227550
杨湾,50227750
裴河,50227800
浒湾,50227900
刘湾(新县),50227910
付冲,50227920
王里河水库,50227930
周河,50227950
熊湾,50227951
长岗,50227952
九里冲,50227960
八里畈,50228100
陡山河,50228400
刚店,50228411
连康山,50228412
北杨湾,50228413
南金,50228414
白马山,50228416
邵山,50228417
王沟水库,50228420
吴陈河,50228500
卜店,50229450
卜店,50229451
沙窝,50229550
雷山水库,50229551
毛铺,50229554
周单庄,62023656
孙楼,62023657
焦岗村,62023658
康营,62023659
沙堰,62050400
新野,62050500
大性,31024300
大江窑,31024301
伏道二街,31024302
吴指挥营,31024303
高汉,31024350
北张贾,31024351
西关,31024352
枣园,31024353
胜利街,31024354
任固六街,31024355
报马厂,31024356
葛庄,31024358
赵庄,31024359
封丘,41425900
水车里,41425901
黄陵,41426300
黄陵(墒情),41426301
陈桥,41426302
孙庄,41426303
鲁岗,41426304
曹岗,41426305
油坊,41426306
李庄,41426307
尹岗,41426308
留光,41426309
司庄乡,41426310
獐鹿市,41426352
张贾,41426353
应举,41426354
陈固,41426355
小沙,41426356
居厢,41426357
黄德,41426358
岳寨,41426359
赵岗,41426360
窄口(电站),40902700
南朝,40903001
文峪,40912100
五里村,40912110
大湖,40912120
高家岭,40912130
尚庄,40912140
秦村,40912150
峪口,40912160
卫家磨,40912170
下湾,40912180
南朝,40912190
东庙,40912210
崔家山,40912220
美山,40912230
运头村,40912240
秦池,40912390
梨子沟,40922103
东村,40922104
张家沟,40922105
石门水库,40922106
下坡头,40922107
郭村,40922111
河西,40922112
米河,40922151
孟家河,40922152
窝头,40922153
寺庄,40922201
堡里,40922202
庙上,40922203
杜家寨,40922204
马河,40922211
南村,40922212
涧东,40922213
北坡头,40922214
武家山,40922215
新文村,40922216
横渠,40922217
赵吾,40922218
秦岭金矿,40922219
灵湖水库,40922251
后凹,40922252
水泉原,40922253
西北营,40922254
大阎,40922255
焦寨原,40922256
芦家坟水库,40922902
西王,40922903
朱家窝,40922904
桥沟,40922905
干解原,40927150
大村,40927245
蒲阵沟,40927246
王家,40927247
阎家驮,40927248
西小河,40927249
石坡湾,40927250
南庄里,40927251
铁佛寺,40927252
柿树岭,40927253
犁牛河,40927300
董家埝,40927350
巨兴,41622115
莫河水库,41922121
阌乡,41922122
下源,41922123
东横涧,41922124
洛阳水利局,41607201
城角,41607207
田山,41607208
马沟,41607210
北张集,31025450
后平邑,31120300
南高庄,31120302
寺庄,31120303
曹村,41423050
仓田,41423051
前河,41423052
袁山,41423053
安桥,41423054
前河,41423055
火虫驿,41429204
五头镇,41607204
磁涧,41609400
东山底,41612118
南腰,41612119
养士,41612121
上孤灯,41612122
庙头,41612442
郭峪,41612443
南林庄,41612444
奎门,41612445
阎湾,41612446
陈湾,41629202
火虫驿,41629203
土古洞,41629204
保方,41422233
中王占,41422234
前庄,41422235
前赵,41424802
大张,41424803
南龙盘,41424804
神农山,41424810
常平,41424820
杨庄河,41424830
云台村,41424840
逍遥水库,41424870
西王曲,41424897
沁阳,41424900
宋寨,41424902
王庄,41424903
东向,41424904
杨河,41424905
道口,41424906
草店镇,50220169
毛楼,50220022
固庙,50220050
桐柏,50220150
党庄,50220151
刘湾(桐柏),50220152
下刺园,50220153
邓庄(桐柏),50220154
郭庄,50220155
斗秤钩,50220156
陈刘店,50220157
柳扒,50220158
魏岗,50220159
下毛,50220160
桑树湾,50220161
石头庄,50220163
姚河,50220164
馆驿,50220165
芦老庄水库,50220166
彭沟,50220167
西十里,50220168
龙潭河水库,50220170
石头畈,50220171
彭坎,50220172
响潭,50220173
朱庄,50220174
新集,50220250
吴城,50220350
月河店,50220400
黄岗,50220550
潘庄,50220600
固县,50220650
回龙寺,50220750
湖山,50220752
张畈,50220753
毛集,50220800
泉水湾,62027801
栗子园,62027802
栗园水库,62027803
张楼,62027805
江河,62027806
新城镇,62027807
青山扒水库,62027808
新城,62055500
吴井,62055700
鸿仪河,62056100
安棚,62056900
内黄集,50825100
常马口,50825101
郝楼,50825102
吴屯水库,50825202
尹店集,50825300
民权,50826700
伯党,50826800
北关,50826850
老庄,50826851
张平楼,50826852
程庄,50826853
王桥,51262521
周寨,50820300
小城,50820301
孙营,50820700
北孙营,50820701
四所楼,50820702
通许,50820800
竖岗,50820801
玉皇庙,50820802
柳屯,31123400
东陈庄,31123454
鲁五星,31123456
东邢屯,41423400
王辛庄,41427400
刘拐,41427551
杨岗上,41427552
八公桥,41427553
中子岸,41427554
白堽,41427555
庆祖,41427556
于寨,41427558
李家屯,41427559
谷楼,41427560
徐镇,41427600
于庄,41427702
李兴楼,50320800
翟庄,50320801
伍庄,50320802
沈寨,50320803
坡李,50320804
高竹园,50320805
古泉山,50320806
赵庄,50320807
张台,50323300
李尧,50323301
高魏楼,50323302
嵖岈山,50323350
阳丰,50323750
陈庄,50323751
流水店,50323752
文城,50323753
玉山,50323754
连庄,50323758
李集,50323802
神沟庙,50323950
张吴楼,50323951
花庄,50324100
桐木沟,50324351
和兴,50324352
东火龙庙,50324353
常庄,50324354
石寨铺,50324905
徐堡,41422236
武德镇,41422237
北保丰,41422238
赵堡,41422239
温县,41424800
喜合,41424801
黄庄,41424805
招贤,41424806
岳村,41424807
番田,41424811
前杨磊,41424812
北冷,41424813
北冶,41702403
尚武,41702404
河沟王,50631500
影寺,31004630
大高村,31020256
田坪,31020350
后河,31020351
孤山,31020352
长岭,31020353
当阳峪,31020354
西村,31020400
孟泉,31020450
外窑,31020460
一斗水,31020470
金岭坡,31020600
东岭后,31020601
云台山,31020610
沙墙,31020651
方庄,31020652
二十里铺,31021607
李万,31021608
王屯,31021609
郇封,31021610
青龙峡,31024310
葡萄峪,31024320
周庄,31024901
修武水利局,31024902
马集,50229250
薛庄,50229251
刘大园,50229252
张庄,50229300
期思,50230500
唐营子,50230501
邓营,50230502
芦庄,50230503
防胡,50327000
赵集,50327100
济源水利局,41401801
西石露头,41401802
东官桥,41401803
李庄,41401804
桐花沟,41421710
孝庄,41422210
三岔河,41422211
大沟河,41422230
清涧,41422231
栗树沟,41422232
店留,41422243
卫佛安,41422244
刘腰,41423210
黄背角,41423211
双房,41423212
七沟河,41423213
邵原,41423214
柴家庄,41423215
赵圪塔,41423216
小沟背,41423217
铁山,41423218
下韩旺,41423219
下冶,41423220
破山石,41423221
北吴彦,41423222
韩彦,41423223
牛湾,41423224
江水河,41423225
大鼓石,41423226
上韩旺,41423227
西门,41423310
逢北,41423311
东河(济源),41423330
迎门,41423331
天坛山水库,41423332
清虚宫,41423333
乱石,41423334
小横岭,41423335
东沟,41423336
仙口,41423337
王拐,41423338
水洪池,41423339
堂岭,41423340
交地,41424100
虎岭,41424250
下观,41424260
玉皇庙,41424261
郑坪,41424262
原昌,41424263
南姚上水库,41424264
曹庙,41424265
中王,41424266
张金,41424267
承留镇,41424268
北樊,41424269
竹园(济源),41424300
雪樊,41424301
雁门,41424570
泰山,41424890
大社,41424891
白龙庙,41424892
白涧寺,41424893
李景用庄,41424894
西正,41424896
梨林,41424901
牛王滩,41424909
化村,41424911
莲东,41424912
洛阳,41607200
洛阳水文局,41607202
中州渠管理处,41607203
三岔口(洛阳),41612448
董窑,41612449
赤仓,50820200
杏花营,50820201
仙人庄,50820202
汪屯,50820203
于良砦,50820204
朱仙镇,50820600
樊庙,50820703
吴寨,50820704
三赵,50820705
仇楼,50822501
南北堤,50823300
陈留,50823700
张楼,50823701
小庄,50824100
扫东,50824101
万隆,50824102
张湾,50824103
柳园,50824104
王段庄,50824105
八里湾,50824200
曲兴,50824400
惠北,50863156
前沙滩,50863186
牛心温,41422590
町店,41732600
西冶,41730801
钓鱼台,41732603
芹池,41730600
横河雨水站,41400880
羊泉,41731202
横河,41422600
润城,41730800
洞底,41732400
董封,41730602
窑头,41731600
桑园村,41422610
黄龙庙,41424000
蟒河雨水站,41703630
神坪,41733400
西山村,41733670
辛安,31028905
大山,31029140
大坪,31028955
豆峪,31028960
和峪,31028970
北耽车,31029000
黄花,31028945
石城,31028950
实会,31028900
杏城村,31029115
北甘泉水库,31007585
榔树园,31028935
七字沟,31029155
车当,31028930
鹞坡,31028938
石窑滩,31029159
芣兰岩,31029135
寺头,31029150
石匣水库,31007550
张峰,41727400
郑村,41730401
南瑶,41730020
南窑,41730000
关门,41727600
油房,41729000
土沃,41730601
土沃,41731200
大将,41726210
应郭,41730201
上杨庄,41729400
山泽,41729200
王寨,41728000
卫村,41727200
上梁,41730200
石桥,41728600
交口,41731400
端氏,41730400
古城,41623400
巡检,41622800
张坪,41620400
洛南,41622200
八里营,31005400
新乡水利局,31005461
新乡水文局,31005462
孟营,31005463
豫北局,31005464
市政府,31005465
南岭底,41721200
白狐窑,41722400
好村,41723600
景风,41721800
赤石桥,41721400
隼河,41720600
东村,41721000
法中,41723200
过凤楼,62026800
许昌,50622100
许昌水利技校,50622101
东城区,50622102
平顶山水文局,50603201
勒马,50827100
李口,50827800
商丘水文局,50900552
商校,50900553
曹楼,50920100
商丘,50920550
凤凰,31020760
勤泉,31020840
琵琶河,31020850
凤凰,31020800
下河,31023140
高家,31022620
西石门,31020750
古石,31007880
六泉(黄松背),31022600
马武寨村,31023135
塔水河,31020040
冶头,31023130
西庄上,31020680
马圈,41737010
横水,31020740
赶马双,31022610
侯庄,41737980
丈河,41738600
苏家井,31020748
阁河,31007870
刘家庄,31030004
古郊,31020700
灵岩寺,31020770
南圪台,31020690
上郊,41737005
六泉,31022630
附城,41738400
陵川,41738000
小磨河,31007868
锡崖沟,31020720
东双脑,41737006
鸡蛋坪,41422250
朱家庄,41421350
长直,41421600
王茅,41421750
上庙汗,41421950
黄背角,41422650
安阳水利局,31006901
安阳交通局,31006902
张湾,40104433
反上,40912250
马庄,40912270
庙后,40912271
化里庙,40912280
杨寺沟,40912360
峪里,40912370
大石涧,40912380
天爷庙,40922281
寺下,40922282
窑底,40922283
大营,40922284
火电厂,40922285
寺古洼,40922286
宜村,40922287
水淆,40922288
翰林河水库,40922901
涧西,40923001
沟南,40923002
庙坡,40923003
村头水库,40923004
杠庙,40923005
南县,40923006
窑子上,40923007
史家沟,40923008
王家寨,41404440
柏树山,41404441
杨洼,41404442
黄坡后,41404443
龙潭,41404444
高庵,41606401
宫前,41607860
三道院,41607870
北太子沟,41607871
芦草,41607880
铧尖咀,41607881
韩凹,41607890
碓臼沟,41607901
豁口庙,41622125
头峪,41622411
白石崖,41627001
李村,41627002
岳庄,41627003
宫前,41635000
观音堂,41640000
南岩,41912181
龙咀,41912182
小北岭,41912183
下黄,31007591
潞河,31028748
津西,41424701
阎庄,41424702
苇园,41424703
任庄,41424704
送庄,41424705
会盟镇,41424706
扣马,41424707
李家岭,41424708
北庆山,41424709
李家沟,41424711
宋家岭,41607214
尚家坡,41607215
董村,41612447
九泉,41627601
马岭,41627602
东赵,41627603
晋城,41740080
下川,41422150
江湾,62007200
牛村,41736200
丹水,41737200
长畛,41735600
山张,41620401
马寨,41620402
陈沟,41620403
九贤,41620404
东罗洼,41620405
岳滩,41620406
张窑,41620407
东蔡庄,41620408
赫田寨,41620409
杨庄,41620410
柏峪,41623551
任窑,41623621
周寨,41623622
裴村,41623623
寨后,41627604
山化,41627605
良马,41726000
唐城,41724400
段峪,41726600
冀氏,41725600
城关镇,40104439
王村,41726200
孔庄,41426350
王芦岗,41426351
聂店,41426800
常村,41426801
樊相,41426802
张三寨,41426803
于庄,41426804
大后,41426805
丁栾,41426850
城关,41426851
李管桥,41426852
佘家,41427401
文庄,41427402
方里集,41427403
武邱,41427404
苗寨,41427405
吕村寺,41427406
孟岗,41427407
魏庄,41427408
总管,41427409
恼里,41427410
小渠,41427411
宋庄,41427412
驻马店水务局,50204202
胡庙,50204203
驻马店水文局,50304201
豫东局,50823501
开封水利局,50823502
水利设计院,50606603
刘湾水库,50606604
高新区,50606605
经济开发区,50606610
司赵,50631300
毕河,50631301
周口市检察院,50601301
周口市三高,50601302
搬口,50668188
谭家,41422100
石塔子,41421650
民兴,41421700
阎家池,41421500
野猪岭,41420850
曹县,51232350
石庙村,50221310
胡家湾,50220700
永民河,50220162
台子畈,50221350
宣化店,50224150
余家湾,50221250
二道河,50220200
黄连沟水库,50221481
竹林沟水库,50221482
平桥水库,50221483
马家庄,31023150
桥上,31023250
红豆峡,31023143
李家河,31023110
鹅屋,31022750
福头,31023138
鹅屋,31023133
铁冲乡,50525299
濮阳水文局,41402701
河西（大箕）,41737430
黄围,31020100
周村,41733601
柳树口,41738602
河西,41705750
克昌,31028958
东下村,41739600
东屯,41737410
崔庄,41737420
南岭,31020050
东沟,41733200
南石瓮（柳树口）,41737455
外滩,41738612
河西,41740200
柳树口,41739200
大兴（高都）,41737441
韩家庄,41737440
柳树底,41733000
东下村（柳树口）,41737452
土河,41733800
李寨,41733600
阱底,31029130
富水关,62029404
三要,41624600
尖角,41621400
柏峪寺,41622600
耀岭,62027500
双庙,41621600
魏家台,62027700
陈涧,41621200
蒿平河,41627200
东下,41625600
富水关,62029400
新兴,41622400
洛源,41620200
碾子沟口,41626600
李垣,41624400
长麻地,41620600
黄龙铺,41621000
耀岭,62027504
两岔口,41627000
铁峪铺,62026404
桑坪,41623200
墁里,41623000
石门,41621800
庙台,41623800
麻坪街,41620800
铁峪铺,62026400
魏家台,62027704
王家庄,40926700
桑园,40926950
杨家湾,40927050
苏村,40927700
虢镇,40927750
福地,40927850
水南,40928000
大营,40928200
方家河,40928300
草庙,40928350
张村,40928400
菜园,40928450
张茅,40928550
坡头,41420500
邵源,41422400
石渠,41422450
紫院,41422700
灵山,41422750
花园,41422800
杨柏,41422850
石井,41422950
北冶,41423100
王屋,41423200
封门口,41423250
大峪,41423300
坡头,41423440
吉利,41423500
邙岭,41423600
化工,41423650
小关,41423800
米河,41423850
高山,41423900
汜水,41423950
柏香,41424550
冶墙,41424600
崇义,41424650
黄庄,41424700
祥云镇,41424750
赵堡,41424850
大封,41424950
北郭,41425000
广武,41425150
河南村,41626000
潘河,41626200
龙驹街,41626400
横涧,41626800
沙河街,41627600
涧北,41628400
竹林峪,41628600
柳关,41628800
文峪,41629800
范里,41630000
庄科,41630600
纸房,41631400
瓦庙,41631600
兴华,41631800
西山底,41632400
王召寨,41632500
东山底,41632700
赵村,41632800
谷圭,41633600
华山,41633800
木柴关,41634000
宽坪,41634200
东宋,41634600
张坞,41634800
西村,41635200
李村,41635400
下瑶屋,41635600
杜寺,41635800
河底,41636000
石村,41636200
藕池,41636400
高村,41636600
上观,41637200
笃忠,41637400
五龙庙,41637600
柳泉,41637800
赵堡,41638000
盐镇,41638200
石陵,41638400
寻村,41639600
辛店,41639800
张村,41640600
铁门,41641400
仁村,41641600
养马,41642200
麻屯,41642400
马屯,41642800
庙底,41643600
阳坡,41643800
山岔,41644200
石庙,41644400
核桃坪,41644600
白沙洞,41645200
大清沟,41646200
河西,41646800
明白川,41647400
庙湾,41647800
竹园沟,41648000
旧县,41648200
王帽沟,41648600
左峪,41648800
南台,41649000
王莽寨,41649200
黄水庵,41649400
栗子园,41649600
七泉,41650200
陶村,41650400
青沟,41651000
石埚镇,41651600
黑龙沟,41651800
白杨镇,41652000
上蔡店,41652600
江左,41653000
吕店,41653400
鸦岭,41654200
彭婆,41654400
寇店,41654800
李村,41655000
九龙角,41655200
山张,41655400
缑氏,41655600
西村,41657200
李家门外,41658000
站街,41658400
追山,41734400
紫陵,41734600
西万,41740800
东老庄,62011402
南阳水文局,62011403
医圣祠,62011405
刘坊店,50428400
杨庄户,50428601
靳庄,50633700
鲁台,50634050
魏庄,50634051
赵桥,50634052
李菜园,50634054
淮阳,50634100
买臣集,50634150
柳南,50667903
朱集,50668038
孟津,40104800
行洼,41401731
济涧,41401732
吉利,41401733
上河水库,41401734
西坪,41727000
前冯,50622006
呼沱闸,50622103
小李庄,50622104
李井,50622111
蒋李集西,50622150
赵庄,50622151
史楼,50622152
孙庄水库,50622153
王子营闸,50622154
河街,50622400
五女店,50622401
翟庄,50622402
胡寨,50664033
寨张,50664153
