-- ============================================================
-- 7. 防洪预案撤离数据（从Excel导入的规范化数据）
-- 来源: import_all_data.py 从 data/*.xlsx 导入
-- 注意: 含显式ID以保证外键关联一致性
-- ============================================================

PRAGMA foreign_keys = OFF;

-- 7.1 水位阈值
DELETE FROM evacuation_details;
DELETE FROM villages;
DELETE FROM townships;
DELETE FROM water_level_thresholds;

INSERT INTO water_level_thresholds (id, reservoir_code, water_level, level_description, level_category, sheet_name, township_count, village_count, evacuation_count, impact_area, created_at) VALUES
  (1, 'BDA00000761', 0, '河口水库库区内滞留养殖人员信息及转移安置地点表', NULL, '河口水库库区内滞留养殖人员信息及转移安置地点表', 0, 0, 0, NULL, '2026-05-31 04:45:13'),
  (2, 'BDA00000761', 1.5, '水库下泄1000～2000立方米每秒人员转移安置准备情况表', NULL, '水库下泄1000～2000立方米每秒人员转移安置准备情况表', 0, 0, 0, NULL, '2026-05-31 04:45:13'),
  (3, 'BDA00000761', 2.5, '水库下泄2000～3000立方米每秒人员转移安置准备情况表', NULL, '水库下泄2000～3000立方米每秒人员转移安置准备情况表', 0, 0, 0, NULL, '2026-05-31 04:45:13'),
  (4, 'BDA00000761', 3.5, '水库下泄3000～4000立方米每秒人员转移安置准备情况表', NULL, '水库下泄3000～4000立方米每秒人员转移安置准备情况表', 0, 0, 0, NULL, '2026-05-31 04:45:13'),
  (5, 'BDA00000761', 4, '下泄超过4000立方米每秒济源示范区人员转移安置表', NULL, '下泄超过4000立方米每秒济源示范区人员转移安置表', 0, 0, 0, NULL, '2026-05-31 04:45:13'),
  (6, 'BDA80000661', 533.64, '故县镇 533.64—536.84 米人员避险组织及淹没损失统', NULL, '故县镇 533.64—536.84 米人员避险组织及淹没损失统', 0, 0, 0, NULL, '2026-05-31 04:45:13'),
  (7, 'BDA80000661', 536.84, '故县镇 536.84 米 —542.04 米人员避险组织及淹没', NULL, '故县镇 536.84 米 —542.04 米人员避险组织及淹没', 0, 0, 0, NULL, '2026-05-31 04:45:13'),
  (8, 'BDA80000661', 542.04, '故县镇 542.04 米 —547.39 米人员避险组织及淹没', NULL, '故县镇 542.04 米 —547.39 米人员避险组织及淹没', 0, 0, 0, NULL, '2026-05-31 04:45:14'),
  (9, 'BDA80200721', 319.5, '嵩县在陆浑水库库水位319.5—321.5米时上游淹没范围统计', NULL, '嵩县在陆浑水库库水位319.5—321.5米时上游淹没范围统计', 0, 0, 0, NULL, '2026-05-31 04:45:14'),
  (10, 'BDA80200721', 321.5, '陆浑镇 321.5m 洪水位以下人员避险组织及淹没损失统计表', NULL, '陆浑镇 321.5m 洪水位以下人员避险组织及淹没损失统计表', 0, 0, 0, NULL, '2026-05-31 04:45:14'),
  (11, 'BDA80200721', 323, '陆浑镇 323.0m 洪水位以下人员避险组织及淹没损失统计表', NULL, '陆浑镇 323.0m 洪水位以下人员避险组织及淹没损失统计表', 0, 0, 0, NULL, '2026-05-31 04:45:14'),
  (12, 'BDA80200721', 325, '陆浑镇 325.0m 洪水位以下人员避险组织及淹没损失统计表', NULL, '陆浑镇 325.0m 洪水位以下人员避险组织及淹没损失统计表', 0, 0, 0, NULL, '2026-05-31 04:45:14'),
  (13, 'BDA80200721', 327.5, '陆浑镇 327.5m 洪水位以下人员避险组织及淹没损失统计表', NULL, '陆浑镇 327.5m 洪水位以下人员避险组织及淹没损失统计表', 0, 0, 0, NULL, '2026-05-31 04:45:14'),
  (14, 'BDA80200721', 331.8, '陆浑镇 331.8m 洪水位以下人员避险组织及淹没损失统计表', NULL, '陆浑镇 331.8m 洪水位以下人员避险组织及淹没损失统计表', 0, 0, 0, NULL, '2026-05-31 04:45:14'),
  (15, 'BDA40001001', 0, '伊洛河巩义段淹没范围内群众撤离路线表', NULL, '伊洛河巩义段淹没范围内群众撤离路线表', 0, 0, 0, NULL, '2026-05-31 04:45:14'),
  (16, 'BDA00000081', 0, '防洪度汛指挥部通信方式', NULL, '防洪度汛指挥部通信方式', 0, 0, 0, NULL, '2026-05-31 04:45:14'),
  (17, 'BDD12000015', 0, '黄委花果山水库防汛责任人联系表', NULL, '黄委花果山水库防汛责任人联系表', 0, 0, 0, NULL, '2026-05-31 04:45:14');

INSERT INTO townships (id, reservoir_code, water_level_id, township_name, township_leader, leader_phone, village_count, evacuation_count, created_at) VALUES
  (1, 'BDA00000761', 1, '河口村库区', NULL, NULL, 0, 0, '2026-05-31 04:45:13'),
  (2, 'BDA00000761', 1, '河口村防指', NULL, NULL, 0, 0, '2026-05-31 04:45:13'),
  (3, 'BDA00000761', 1, '河口村抢险队', NULL, NULL, 0, 0, '2026-05-31 04:45:13'),
  (4, 'BDA00000761', 1, '河口村物资', NULL, NULL, 0, 0, '2026-05-31 04:45:13'),
  (5, 'BDA00000761', 1, '河口村通讯', NULL, NULL, 0, 0, '2026-05-31 04:45:13'),
  (6, 'BDA00000761', 2, '未知区域', NULL, NULL, 0, 0, '2026-05-31 04:45:13'),
  (7, 'BDA00000761', 3, '未知区域', NULL, NULL, 0, 0, '2026-05-31 04:45:13'),
  (8, 'BDA00000761', 4, '未知区域', NULL, NULL, 0, 0, '2026-05-31 04:45:13'),
  (9, 'BDA00000761', 5, '济源示范区', NULL, NULL, 0, 0, '2026-05-31 04:45:13'),
  (10, 'BDA00000761', 5, '焦作市沁北', NULL, NULL, 0, 0, '2026-05-31 04:45:13'),
  (11, 'BDA00000761', 5, '淹没区域', NULL, NULL, 0, 0, '2026-05-31 04:45:13'),
  (12, 'BDA80000661', 6, '故县镇', NULL, NULL, 0, 0, '2026-05-31 04:45:13'),
  (13, 'BDA80000661', 6, '下峪镇', NULL, NULL, 0, 0, '2026-05-31 04:45:13'),
  (14, 'BDA80000661', 7, '故县镇', NULL, NULL, 0, 0, '2026-05-31 04:45:13'),
  (15, 'BDA80000661', 7, '下峪镇', NULL, NULL, 0, 0, '2026-05-31 04:45:14'),
  (16, 'BDA80000661', 8, '故县镇', NULL, NULL, 0, 0, '2026-05-31 04:45:14'),
  (17, 'BDA80000661', 8, '下峪镇', NULL, NULL, 0, 0, '2026-05-31 04:45:14'),
  (18, 'BDA80200721', 9, '饭坡镇', NULL, NULL, 0, 0, '2026-05-31 04:45:14'),
  (19, 'BDA80200721', 9, '陆浑镇', NULL, NULL, 0, 0, '2026-05-31 04:45:14'),
  (20, 'BDA80200721', 9, '城关镇', NULL, NULL, 0, 0, '2026-05-31 04:45:14'),
  (21, 'BDA80200721', 9, '纸房镇', NULL, NULL, 0, 0, '2026-05-31 04:45:14'),
  (22, 'BDA80200721', 9, '何村乡', NULL, NULL, 0, 0, '2026-05-31 04:45:14'),
  (23, 'BDA80200721', 10, '陆浑镇', NULL, NULL, 0, 0, '2026-05-31 04:45:14'),
  (24, 'BDA80200721', 11, '陆浑镇', NULL, NULL, 0, 0, '2026-05-31 04:45:14'),
  (25, 'BDA80200721', 12, '陆浑镇', NULL, NULL, 0, 0, '2026-05-31 04:45:14'),
  (26, 'BDA80200721', 13, '陆浑镇', NULL, NULL, 0, 0, '2026-05-31 04:45:14'),
  (27, 'BDA80200721', 14, '陆浑镇', NULL, NULL, 0, 0, '2026-05-31 04:45:14'),
  (28, 'BDA80200721', 10, '饭坡镇', NULL, NULL, 0, 0, '2026-05-31 04:45:14'),
  (29, 'BDA80200721', 11, '饭坡镇', NULL, NULL, 0, 0, '2026-05-31 04:45:14'),
  (30, 'BDA80200721', 12, '饭坡镇', NULL, NULL, 0, 0, '2026-05-31 04:45:14'),
  (31, 'BDA80200721', 13, '饭坡镇', NULL, NULL, 0, 0, '2026-05-31 04:45:14'),
  (32, 'BDA80200721', 14, '饭坡镇', NULL, NULL, 0, 0, '2026-05-31 04:45:14'),
  (33, 'BDA80200721', 12, '城关镇', NULL, NULL, 0, 0, '2026-05-31 04:45:14'),
  (34, 'BDA80200721', 13, '城关镇', NULL, NULL, 0, 0, '2026-05-31 04:45:14'),
  (35, 'BDA80200721', 14, '城关镇', NULL, NULL, 0, 0, '2026-05-31 04:45:14'),
  (36, 'BDA40001001', 15, '伊洛河巩义段', NULL, NULL, 0, 0, '2026-05-31 04:45:14'),
  (37, 'BDA40001001', 15, '伊洛河偃师段', NULL, NULL, 0, 0, '2026-05-31 04:45:14'),
  (38, 'BDA40001001', 15, '伊洛河洛阳段物资', NULL, NULL, 0, 0, '2026-05-31 04:45:14'),
  (39, 'BDA40001001', 15, '伊洛河巩义段物资', NULL, NULL, 0, 0, '2026-05-31 04:45:14'),
  (40, 'BDA40001001', 15, '伊洛河洛阳段抢险队', NULL, NULL, 0, 0, '2026-05-31 04:45:14'),
  (41, 'BDA40001001', 15, '伊洛河巩义段抢险队', NULL, NULL, 0, 0, '2026-05-31 04:45:14'),
  (42, 'BDA40001001', 15, '伊洛河巩义段通讯', NULL, NULL, 0, 0, '2026-05-31 04:45:14'),
  (43, 'BDA00000081', 16, '海勃湾防汛指挥部', NULL, NULL, 0, 0, '2026-05-31 04:45:14'),
  (44, 'BDA00000081', 16, '海勃湾防汛物资', NULL, NULL, 0, 0, '2026-05-31 04:45:14'),
  (45, 'BDD12000015', 17, '花果山防汛责任人', NULL, NULL, 0, 0, '2026-05-31 04:45:14');

INSERT INTO villages (id, township_id, village_name, household_count, permanent_residents, temporary_staff, house_count, cave_count, farmland_area, forest_area, orchard_area, well_count, pump_count, longitude, latitude, created_at) VALUES
  (1, 1, '李建', 0, 0, 0, 0, 0, 0, 0, 0, 0, 0, NULL, NULL, '2026-05-31 04:31:08'),
  (2, 1, '葛红武', 0, 0, 0, 0, 0, 0, 0, 0, 0, 0, NULL, NULL, '2026-05-31 04:31:08'),
  (3, 1, '王和平', 0, 0, 0, 0, 0, 0, 0, 0, 0, 0, NULL, NULL, '2026-05-31 04:31:08'),
  (4, 1, '葛小齐', 0, 0, 0, 0, 0, 0, 0, 0, 0, 0, NULL, NULL, '2026-05-31 04:31:08'),
  (5, 1, '卫保国', 0, 0, 0, 0, 0, 0, 0, 0, 0, 0, NULL, NULL, '2026-05-31 04:31:08'),
  (6, 1, '李来具', 0, 0, 0, 0, 0, 0, 0, 0, 0, 0, NULL, NULL, '2026-05-31 04:31:08'),
  (7, 1, '葛有斌', 0, 0, 0, 0, 0, 0, 0, 0, 0, 0, NULL, NULL, '2026-05-31 04:31:08'),
  (8, 1, '葛小操', 0, 0, 0, 0, 0, 0, 0, 0, 0, 0, NULL, NULL, '2026-05-31 04:31:08'),
  (9, 1, '葛小四', 0, 0, 0, 0, 0, 0, 0, 0, 0, 0, NULL, NULL, '2026-05-31 04:31:08'),
  (10, 1, '葩来板', 0, 0, 0, 0, 0, 0, 0, 0, 0, 0, NULL, NULL, '2026-05-31 04:31:08'),
  (11, 1, '葩战法', 0, 0, 0, 0, 0, 0, 0, 0, 0, 0, NULL, NULL, '2026-05-31 04:31:08'),
  (12, 1, '葛小玉', 0, 0, 0, 0, 0, 0, 0, 0, 0, 0, NULL, NULL, '2026-05-31 04:31:08'),
  (13, 1, '张林林', 0, 0, 0, 0, 0, 0, 0, 0, 0, 0, NULL, NULL, '2026-05-31 04:31:08'),
  (14, 1, '张建', 0, 0, 0, 0, 0, 0, 0, 0, 0, 0, NULL, NULL, '2026-05-31 04:31:08'),
  (15, 1, '张小虎', 0, 0, 0, 0, 0, 0, 0, 0, 0, 0, NULL, NULL, '2026-05-31 04:31:08'),
  (16, 1, '张李平', 0, 0, 0, 0, 0, 0, 0, 0, 0, 0, NULL, NULL, '2026-05-31 04:31:08'),
  (17, 2, '指挥长_侯波', 0, 0, 0, 0, 0, 0, 0, 0, 0, 0, NULL, NULL, '2026-05-31 04:31:08'),
  (18, 2, '常务副指挥长_李永江', 0, 0, 0, 0, 0, 0, 0, 0, 0, 0, NULL, NULL, '2026-05-31 04:31:08'),
  (19, 2, '副指挥长_杨华冰', 0, 0, 0, 0, 0, 0, 0, 0, 0, 0, NULL, NULL, '2026-05-31 04:31:08'),
  (20, 2, '副指挥长_杨涛', 0, 0, 0, 0, 0, 0, 0, 0, 0, 0, NULL, NULL, '2026-05-31 04:31:08'),
  (21, 2, '副指挥长_杨晨临', 0, 0, 0, 0, 0, 0, 0, 0, 0, 0, NULL, NULL, '2026-05-31 04:31:08'),
  (22, 2, '副指挥长_王福埂', 0, 0, 0, 0, 0, 0, 0, 0, 0, 0, NULL, NULL, '2026-05-31 04:31:08'),
  (23, 2, '副指挥长_尚安峰', 0, 0, 0, 0, 0, 0, 0, 0, 0, 0, NULL, NULL, '2026-05-31 04:31:08'),
  (24, 2, '副指挥长_赵中兴', 0, 0, 0, 0, 0, 0, 0, 0, 0, 0, NULL, NULL, '2026-05-31 04:31:08'),
  (25, 2, '副指挥长_曹金刚', 0, 0, 0, 0, 0, 0, 0, 0, 0, 0, NULL, NULL, '2026-05-31 04:31:08'),
  (26, 2, '副指挥长_王剑峰', 0, 0, 0, 0, 0, 0, 0, 0, 0, 0, NULL, NULL, '2026-05-31 04:31:08'),
  (27, 2, '副指挥长_祝远峰', 0, 0, 0, 0, 0, 0, 0, 0, 0, 0, NULL, NULL, '2026-05-31 04:31:08'),
  (28, 2, '副指挥长_巩文军', 0, 0, 0, 0, 0, 0, 0, 0, 0, 0, NULL, NULL, '2026-05-31 04:31:08'),
  (29, 2, '成员_徐明立', 0, 0, 0, 0, 0, 0, 0, 0, 0, 0, NULL, NULL, '2026-05-31 04:31:08'),
  (30, 2, '成员_刘雷波', 0, 0, 0, 0, 0, 0, 0, 0, 0, 0, NULL, NULL, '2026-05-31 04:31:08'),
  (31, 2, '成员_李新建', 0, 0, 0, 0, 0, 0, 0, 0, 0, 0, NULL, NULL, '2026-05-31 04:31:08'),
  (32, 2, '成员_胡玉梅', 0, 0, 0, 0, 0, 0, 0, 0, 0, 0, NULL, NULL, '2026-05-31 04:31:08'),
  (33, 2, '成员_程杰', 0, 0, 0, 0, 0, 0, 0, 0, 0, 0, NULL, NULL, '2026-05-31 04:31:08'),
  (34, 2, '成员_宁伟峰', 0, 0, 0, 0, 0, 0, 0, 0, 0, 0, NULL, NULL, '2026-05-31 04:31:08'),
  (35, 2, '成员_方源利', 0, 0, 0, 0, 0, 0, 0, 0, 0, 0, NULL, NULL, '2026-05-31 04:31:08'),
  (36, 2, '成员_王加强', 0, 0, 0, 0, 0, 0, 0, 0, 0, 0, NULL, NULL, '2026-05-31 04:31:08'),
  (37, 2, '成员_王道亮', 0, 0, 0, 0, 0, 0, 0, 0, 0, 0, NULL, NULL, '2026-05-31 04:31:08'),
  (38, 2, '成员_洪灯光', 0, 0, 0, 0, 0, 0, 0, 0, 0, 0, NULL, NULL, '2026-05-31 04:31:08'),
  (39, 2, '成员_廉前进', 0, 0, 0, 0, 0, 0, 0, 0, 0, 0, NULL, NULL, '2026-05-31 04:31:08'),
  (40, 2, '成员_赵向红', 0, 0, 0, 0, 0, 0, 0, 0, 0, 0, NULL, NULL, '2026-05-31 04:31:08'),
  (41, 2, '成员_李成林', 0, 0, 0, 0, 0, 0, 0, 0, 0, 0, NULL, NULL, '2026-05-31 04:31:08'),
  (42, 2, '成员_解枫赞', 0, 0, 0, 0, 0, 0, 0, 0, 0, 0, NULL, NULL, '2026-05-31 04:31:08'),
  (43, 2, '成员_田有福', 0, 0, 0, 0, 0, 0, 0, 0, 0, 0, NULL, NULL, '2026-05-31 04:31:08'),
  (44, 2, '成员_建剑波', 0, 0, 0, 0, 0, 0, 0, 0, 0, 0, NULL, NULL, '2026-05-31 04:31:08'),
  (45, 3, '李永江', 0, 0, 0, 0, 0, 0, 0, 0, 0, 0, NULL, NULL, '2026-05-31 04:31:08'),
  (46, 3, '李成林', 0, 0, 0, 0, 0, 0, 0, 0, 0, 0, NULL, NULL, '2026-05-31 04:31:08'),
  (47, 3, '解枫赞', 0, 0, 0, 0, 0, 0, 0, 0, 0, 0, NULL, NULL, '2026-05-31 04:31:08'),
  (48, 3, '田有福', 0, 0, 0, 0, 0, 0, 0, 0, 0, 0, NULL, NULL, '2026-05-31 04:31:08'),
  (49, 3, '建剑波', 0, 0, 0, 0, 0, 0, 0, 0, 0, 0, NULL, NULL, '2026-05-31 04:31:08'),
  (50, 3, '吴东福', 0, 0, 0, 0, 0, 0, 0, 0, 0, 0, NULL, NULL, '2026-05-31 04:31:08');

INSERT INTO villages (id, township_id, village_name, household_count, permanent_residents, temporary_staff, house_count, cave_count, farmland_area, forest_area, orchard_area, well_count, pump_count, longitude, latitude, created_at) VALUES
  (51, 3, '张玉霞', 0, 0, 0, 0, 0, 0, 0, 0, 0, 0, NULL, NULL, '2026-05-31 04:31:08'),
  (52, 3, '易 益', 0, 0, 0, 0, 0, 0, 0, 0, 0, 0, NULL, NULL, '2026-05-31 04:31:08'),
  (53, 3, '尹聪科', 0, 0, 0, 0, 0, 0, 0, 0, 0, 0, NULL, NULL, '2026-05-31 04:31:08'),
  (54, 3, '孙志伟', 0, 0, 0, 0, 0, 0, 0, 0, 0, 0, NULL, NULL, '2026-05-31 04:31:08'),
  (55, 3, '王 彤', 0, 0, 0, 0, 0, 0, 0, 0, 0, 0, NULL, NULL, '2026-05-31 04:31:08'),
  (56, 3, '张 航', 0, 0, 0, 0, 0, 0, 0, 0, 0, 0, NULL, NULL, '2026-05-31 04:31:08'),
  (57, 3, '张 华', 0, 0, 0, 0, 0, 0, 0, 0, 0, 0, NULL, NULL, '2026-05-31 04:31:08'),
  (58, 3, '卢金阁', 0, 0, 0, 0, 0, 0, 0, 0, 0, 0, NULL, NULL, '2026-05-31 04:31:08'),
  (59, 3, '张亚铭', 0, 0, 0, 0, 0, 0, 0, 0, 0, 0, NULL, NULL, '2026-05-31 04:31:08'),
  (60, 3, '赵文博', 0, 0, 0, 0, 0, 0, 0, 0, 0, 0, NULL, NULL, '2026-05-31 04:31:08'),
  (61, 3, '闫二磊', 0, 0, 0, 0, 0, 0, 0, 0, 0, 0, NULL, NULL, '2026-05-31 04:31:08'),
  (62, 3, '郭友兵', 0, 0, 0, 0, 0, 0, 0, 0, 0, 0, NULL, NULL, '2026-05-31 04:31:08'),
  (63, 3, '赵文利', 0, 0, 0, 0, 0, 0, 0, 0, 0, 0, NULL, NULL, '2026-05-31 04:31:08'),
  (64, 3, '刘 莉', 0, 0, 0, 0, 0, 0, 0, 0, 0, 0, NULL, NULL, '2026-05-31 04:31:08'),
  (65, 3, '马 军', 0, 0, 0, 0, 0, 0, 0, 0, 0, 0, NULL, NULL, '2026-05-31 04:31:08'),
  (66, 3, '林清福', 0, 0, 0, 0, 0, 0, 0, 0, 0, 0, NULL, NULL, '2026-05-31 04:31:08'),
  (67, 3, '李家豪', 0, 0, 0, 0, 0, 0, 0, 0, 0, 0, NULL, NULL, '2026-05-31 04:31:08'),
  (68, 3, '袁晨樵', 0, 0, 0, 0, 0, 0, 0, 0, 0, 0, NULL, NULL, '2026-05-31 04:31:08'),
  (69, 3, '任 杰', 0, 0, 0, 0, 0, 0, 0, 0, 0, 0, NULL, NULL, '2026-05-31 04:31:08'),
  (70, 3, '杨源行', 0, 0, 0, 0, 0, 0, 0, 0, 0, 0, NULL, NULL, '2026-05-31 04:31:08'),
  (71, 3, '张小青', 0, 0, 0, 0, 0, 0, 0, 0, 0, 0, NULL, NULL, '2026-05-31 04:31:08'),
  (72, 3, '王 晓', 0, 0, 0, 0, 0, 0, 0, 0, 0, 0, NULL, NULL, '2026-05-31 04:31:08'),
  (73, 3, '朱渊博', 0, 0, 0, 0, 0, 0, 0, 0, 0, 0, NULL, NULL, '2026-05-31 04:31:08'),
  (74, 3, '何欣威', 0, 0, 0, 0, 0, 0, 0, 0, 0, 0, NULL, NULL, '2026-05-31 04:31:08'),
  (75, 4, '砂石料', 0, 0, 0, 0, 0, 0, 0, 0, 0, 0, NULL, NULL, '2026-05-31 04:31:08'),
  (76, 4, '块石', 0, 0, 0, 0, 0, 0, 0, 0, 0, 0, NULL, NULL, '2026-05-31 04:31:08'),
  (77, 4, '铅丝', 0, 0, 0, 0, 0, 0, 0, 0, 0, 0, NULL, NULL, '2026-05-31 04:31:08'),
  (78, 4, '编织袋', 0, 0, 0, 0, 0, 0, 0, 0, 0, 0, NULL, NULL, '2026-05-31 04:31:08'),
  (79, 4, '救生衣', 0, 0, 0, 0, 0, 0, 0, 0, 0, 0, NULL, NULL, '2026-05-31 04:31:08'),
  (80, 4, '抢险救生舟', 0, 0, 0, 0, 0, 0, 0, 0, 0, 0, NULL, NULL, '2026-05-31 04:31:08'),
  (81, 4, '发电机', 0, 0, 0, 0, 0, 0, 0, 0, 0, 0, NULL, NULL, '2026-05-31 04:31:08'),
  (82, 4, '投光灯', 0, 0, 0, 0, 0, 0, 0, 0, 0, 0, NULL, NULL, '2026-05-31 04:31:08'),
  (83, 4, '防汛照明灯', 0, 0, 0, 0, 0, 0, 0, 0, 0, 0, NULL, NULL, '2026-05-31 04:31:08'),
  (84, 4, '巡查灯、查验灯', 0, 0, 0, 0, 0, 0, 0, 0, 0, 0, NULL, NULL, '2026-05-31 04:31:08'),
  (85, 4, '电缆', 0, 0, 0, 0, 0, 0, 0, 0, 0, 0, NULL, NULL, '2026-05-31 04:31:08'),
  (86, 4, '雨衣', 0, 0, 0, 0, 0, 0, 0, 0, 0, 0, NULL, NULL, '2026-05-31 04:31:08'),
  (87, 4, '雨鞋', 0, 0, 0, 0, 0, 0, 0, 0, 0, 0, NULL, NULL, '2026-05-31 04:31:08'),
  (88, 4, '铁锨', 0, 0, 0, 0, 0, 0, 0, 0, 0, 0, NULL, NULL, '2026-05-31 04:31:08'),
  (89, 5, '管理局防汛值班室', 0, 0, 0, 0, 0, 0, 0, 0, 0, 0, NULL, NULL, '2026-05-31 04:31:08'),
  (90, 5, '电话_1', 0, 0, 0, 0, 0, 0, 0, 0, 0, 0, NULL, NULL, '2026-05-31 04:31:08'),
  (91, 5, '管理局水情值班室', 0, 0, 0, 0, 0, 0, 0, 0, 0, 0, NULL, NULL, '2026-05-31 04:31:08'),
  (92, 5, '管理局办公室', 0, 0, 0, 0, 0, 0, 0, 0, 0, 0, NULL, NULL, '2026-05-31 04:31:08'),
  (93, 5, '河南省防办', 0, 0, 0, 0, 0, 0, 0, 0, 0, 0, NULL, NULL, '2026-05-31 04:31:08'),
  (94, 5, '河南省水利厅', 0, 0, 0, 0, 0, 0, 0, 0, 0, 0, NULL, NULL, '2026-05-31 04:31:08'),
  (95, 5, '黄委会防总办', 0, 0, 0, 0, 0, 0, 0, 0, 0, 0, NULL, NULL, '2026-05-31 04:31:08'),
  (96, 5, '黄委会防御局', 0, 0, 0, 0, 0, 0, 0, 0, 0, 0, NULL, NULL, '2026-05-31 04:31:08'),
  (97, 5, '黄委河南水文局', 0, 0, 0, 0, 0, 0, 0, 0, 0, 0, NULL, NULL, '2026-05-31 04:31:08'),
  (98, 5, '山里泉水文站', 0, 0, 0, 0, 0, 0, 0, 0, 0, 0, NULL, NULL, '2026-05-31 04:31:08'),
  (99, 5, '省黄河防汛办', 0, 0, 0, 0, 0, 0, 0, 0, 0, 0, NULL, NULL, '2026-05-31 04:31:08'),
  (100, 5, '焦作市防办', 0, 0, 0, 0, 0, 0, 0, 0, 0, 0, NULL, NULL, '2026-05-31 04:31:08');

INSERT INTO villages (id, township_id, village_name, household_count, permanent_residents, temporary_staff, house_count, cave_count, farmland_area, forest_area, orchard_area, well_count, pump_count, longitude, latitude, created_at) VALUES
  (101, 5, '济源示范区防办', 0, 0, 0, 0, 0, 0, 0, 0, 0, 0, NULL, NULL, '2026-05-31 04:31:08'),
  (102, 5, '焦作黄河防办', 0, 0, 0, 0, 0, 0, 0, 0, 0, 0, NULL, NULL, '2026-05-31 04:31:08'),
  (103, 5, '济源黄沁河防办', 0, 0, 0, 0, 0, 0, 0, 0, 0, 0, NULL, NULL, '2026-05-31 04:31:08'),
  (104, 5, '沁阳河务局防办', 0, 0, 0, 0, 0, 0, 0, 0, 0, 0, NULL, NULL, '2026-05-31 04:31:08'),
  (105, 5, '引沁渠首管理处', 0, 0, 0, 0, 0, 0, 0, 0, 0, 0, NULL, NULL, '2026-05-31 04:31:08'),
  (106, 5, '五龙口水文站', 0, 0, 0, 0, 0, 0, 0, 0, 0, 0, NULL, NULL, '2026-05-31 04:31:08'),
  (107, 5, '五龙口防汛值班室', 0, 0, 0, 0, 0, 0, 0, 0, 0, 0, NULL, NULL, '2026-05-31 04:31:08'),
  (108, 5, '张峰水库', 0, 0, 0, 0, 0, 0, 0, 0, 0, 0, NULL, NULL, '2026-05-31 04:31:08'),
  (109, 5, '济源市气象局', 0, 0, 0, 0, 0, 0, 0, 0, 0, 0, NULL, NULL, '2026-05-31 04:31:08'),
  (110, 5, '联通济源分公司', 0, 0, 0, 0, 0, 0, 0, 0, 0, 0, NULL, NULL, '2026-05-31 04:31:08'),
  (111, 5, '济源供电公司', 0, 0, 0, 0, 0, 0, 0, 0, 0, 0, NULL, NULL, '2026-05-31 04:31:08'),
  (112, 5, '中石化济分公司', 0, 0, 0, 0, 0, 0, 0, 0, 0, 0, NULL, NULL, '2026-05-31 04:31:08'),
  (113, 5, '月山工务段', 0, 0, 0, 0, 0, 0, 0, 0, 0, 0, NULL, NULL, '2026-05-31 04:31:08'),
  (114, 5, '南水北调温博管理处', 0, 0, 0, 0, 0, 0, 0, 0, 0, 0, NULL, NULL, '2026-05-31 04:31:08'),
  (115, 5, '焦作水利局防办', 0, 0, 0, 0, 0, 0, 0, 0, 0, 0, NULL, NULL, '2026-05-31 04:31:08'),
  (116, 5, '济源水利局防办', 0, 0, 0, 0, 0, 0, 0, 0, 0, 0, NULL, NULL, '2026-05-31 04:31:08'),
  (117, 5, '润城水文站', 0, 0, 0, 0, 0, 0, 0, 0, 0, 0, NULL, NULL, '2026-05-31 04:31:08'),
  (118, 5, '焦作市引沁管理局', 0, 0, 0, 0, 0, 0, 0, 0, 0, 0, NULL, NULL, '2026-05-31 04:31:08'),
  (119, 6, '济源示范区', 0, 0, 0, 0, 0, 0, 0, 0, 0, 0, NULL, NULL, '2026-05-31 04:31:08'),
  (120, 6, '五龙口镇', 0, 0, 0, 0, 0, 0, 0, 0, 0, 0, NULL, NULL, '2026-05-31 04:31:08'),
  (121, 6, '五龙头村', 0, 0, 0, 0, 0, 0, 0, 0, 0, 0, NULL, NULL, '2026-05-31 04:31:08'),
  (122, 7, '济源示范区', 0, 0, 0, 0, 0, 0, 0, 0, 0, 0, NULL, NULL, '2026-05-31 04:31:08'),
  (123, 7, '五龙口镇', 0, 0, 0, 0, 0, 0, 0, 0, 0, 0, NULL, NULL, '2026-05-31 04:31:08'),
  (124, 7, '河头', 0, 0, 0, 0, 0, 0, 0, 0, 0, 0, NULL, NULL, '2026-05-31 04:31:08'),
  (125, 7, '五龙头村', 0, 0, 0, 0, 0, 0, 0, 0, 0, 0, NULL, NULL, '2026-05-31 04:31:08'),
  (126, 8, '济源示范区', 0, 0, 0, 0, 0, 0, 0, 0, 0, 0, NULL, NULL, '2026-05-31 04:31:08'),
  (127, 8, '五龙口镇', 0, 0, 0, 0, 0, 0, 0, 0, 0, 0, NULL, NULL, '2026-05-31 04:31:08'),
  (128, 8, '省庄', 0, 0, 0, 0, 0, 0, 0, 0, 0, 0, NULL, NULL, '2026-05-31 04:31:08'),
  (129, 8, '河头', 0, 0, 0, 0, 0, 0, 0, 0, 0, 0, NULL, NULL, '2026-05-31 04:31:08'),
  (130, 8, '五龙头村', 0, 0, 0, 0, 0, 0, 0, 0, 0, 0, NULL, NULL, '2026-05-31 04:31:08'),
  (131, 9, '济源示范区', 0, 0, 0, 0, 0, 0, 0, 0, 0, 0, NULL, NULL, '2026-05-31 04:31:08'),
  (132, 9, '五龙口镇', 0, 0, 0, 0, 0, 0, 0, 0, 0, 0, NULL, NULL, '2026-05-31 04:31:08'),
  (133, 9, '里河', 0, 0, 0, 0, 0, 0, 0, 0, 0, 0, NULL, NULL, '2026-05-31 04:31:08'),
  (134, 9, '省庄', 0, 0, 0, 0, 0, 0, 0, 0, 0, 0, NULL, NULL, '2026-05-31 04:31:08'),
  (135, 9, '留村', 0, 0, 0, 0, 0, 0, 0, 0, 0, 0, NULL, NULL, '2026-05-31 04:31:08'),
  (136, 9, '化村', 0, 0, 0, 0, 0, 0, 0, 0, 0, 0, NULL, NULL, '2026-05-31 04:31:08'),
  (137, 9, '逯村', 0, 0, 0, 0, 0, 0, 0, 0, 0, 0, NULL, NULL, '2026-05-31 04:31:08'),
  (138, 9, '马村', 0, 0, 0, 0, 0, 0, 0, 0, 0, 0, NULL, NULL, '2026-05-31 04:31:08'),
  (139, 9, '和庄', 0, 0, 0, 0, 0, 0, 0, 0, 0, 0, NULL, NULL, '2026-05-31 04:31:08'),
  (140, 9, '河头', 0, 0, 0, 0, 0, 0, 0, 0, 0, 0, NULL, NULL, '2026-05-31 04:31:08'),
  (141, 9, '五龙头村', 0, 0, 0, 0, 0, 0, 0, 0, 0, 0, NULL, NULL, '2026-05-31 04:31:08'),
  (142, 9, '梨林镇', 0, 0, 0, 0, 0, 0, 0, 0, 0, 0, NULL, NULL, '2026-05-31 04:31:08'),
  (143, 9, '大许', 0, 0, 0, 0, 0, 0, 0, 0, 0, 0, NULL, NULL, '2026-05-31 04:31:08'),
  (144, 9, '安村', 0, 0, 0, 0, 0, 0, 0, 0, 0, 0, NULL, NULL, '2026-05-31 04:31:08'),
  (145, 9, '良庄', 0, 0, 0, 0, 0, 0, 0, 0, 0, 0, NULL, NULL, '2026-05-31 04:31:08'),
  (146, 9, '屈西', 0, 0, 0, 0, 0, 0, 0, 0, 0, 0, NULL, NULL, '2026-05-31 04:31:08'),
  (147, 9, '屈东', 0, 0, 0, 0, 0, 0, 0, 0, 0, 0, NULL, NULL, '2026-05-31 04:31:08'),
  (148, 9, '沙西', 0, 0, 0, 0, 0, 0, 0, 0, 0, 0, NULL, NULL, '2026-05-31 04:31:08'),
  (149, 9, '沙后', 0, 0, 0, 0, 0, 0, 0, 0, 0, 0, NULL, NULL, '2026-05-31 04:31:08'),
  (150, 10, '沁阳市', 0, 0, 0, 0, 0, 0, 0, 0, 0, 0, NULL, NULL, '2026-05-31 04:31:08');

INSERT INTO villages (id, township_id, village_name, household_count, permanent_residents, temporary_staff, house_count, cave_count, farmland_area, forest_area, orchard_area, well_count, pump_count, longitude, latitude, created_at) VALUES
  (151, 11, '下泄4000', 0, 0, 0, 0, 0, 0, 0, 0, 0, 0, NULL, NULL, '2026-05-31 04:31:08'),
  (152, 11, '下泄5000', 0, 0, 0, 0, 0, 0, 0, 0, 0, 0, NULL, NULL, '2026-05-31 04:31:08'),
  (153, 11, '下泄7600', 0, 0, 0, 0, 0, 0, 0, 0, 0, 0, NULL, NULL, '2026-05-31 04:31:08'),
  (154, 12, '北窑村', 0, 0, 0, 0, 0, 0, 0, 0, 0, 0, NULL, NULL, '2026-05-31 04:31:08'),
  (155, 12, '窑瓦村', 0, 0, 0, 0, 0, 0, 0, 0, 0, 0, NULL, NULL, '2026-05-31 04:31:08'),
  (156, 13, '对九峪村', 0, 0, 0, 0, 0, 0, 0, 0, 0, 0, NULL, NULL, '2026-05-31 04:31:08'),
  (157, 13, '沙沟村', 0, 0, 0, 0, 0, 0, 0, 0, 0, 0, NULL, NULL, '2026-05-31 04:31:08'),
  (158, 14, '高原村', 0, 0, 0, 0, 0, 0, 0, 0, 0, 0, NULL, NULL, '2026-05-31 04:31:08'),
  (159, 14, '北窑村', 0, 0, 0, 0, 0, 0, 0, 0, 0, 0, NULL, NULL, '2026-05-31 04:31:08'),
  (160, 14, '窑瓦村', 0, 0, 0, 0, 0, 0, 0, 0, 0, 0, NULL, NULL, '2026-05-31 04:31:08'),
  (161, 15, '对九峪村', 0, 0, 0, 0, 0, 0, 0, 0, 0, 0, NULL, NULL, '2026-05-31 04:31:08'),
  (162, 15, '沙沟村', 0, 0, 0, 0, 0, 0, 0, 0, 0, 0, NULL, NULL, '2026-05-31 04:31:08'),
  (163, 16, '高原村', 0, 0, 0, 0, 0, 0, 0, 0, 0, 0, NULL, NULL, '2026-05-31 04:31:08'),
  (164, 16, '窑瓦村', 0, 0, 0, 0, 0, 0, 0, 0, 0, 0, NULL, NULL, '2026-05-31 04:31:08'),
  (165, 16, '北窑村', 0, 0, 0, 0, 0, 0, 0, 0, 0, 0, NULL, NULL, '2026-05-31 04:31:08'),
  (166, 16, '东庄村', 0, 0, 0, 0, 0, 0, 0, 0, 0, 0, NULL, NULL, '2026-05-31 04:31:08'),
  (167, 17, '对九峪村', 0, 0, 0, 0, 0, 0, 0, 0, 0, 0, NULL, NULL, '2026-05-31 04:31:08'),
  (168, 17, '沙沟村', 0, 0, 0, 0, 0, 0, 0, 0, 0, 0, NULL, NULL, '2026-05-31 04:31:08'),
  (169, 18, '饭坡镇_汇总', 2, 3, 0, 15, 0, 521, 218, 50, 7, 0, NULL, NULL, '2026-05-31 04:31:09'),
  (170, 19, '陆浑镇_汇总', 197, 719, 54, 1038, 0, 13431, 254, 26, 43, 3, NULL, NULL, '2026-05-31 04:31:09'),
  (171, 20, '城关镇_汇总', 0, 0, 0, 0, 0, 0, 0, 0, 0, 0, NULL, NULL, '2026-05-31 04:31:09'),
  (172, 21, '纸房镇_汇总', 0, 0, 0, 0, 0, 0, 0, 0, 0, 0, NULL, NULL, '2026-05-31 04:31:09'),
  (173, 22, '何村乡_汇总', 0, 0, 0, 0, 0, 0, 0, 0, 0, 0, NULL, NULL, '2026-05-31 04:31:09'),
  (174, 23, '桥北村', 0, 0, 0, 0, 0, 0, 0, 0, 0, 0, NULL, NULL, '2026-05-31 04:31:09'),
  (175, 23, '南屯村', 0, 0, 0, 0, 0, 0, 0, 0, 0, 0, NULL, NULL, '2026-05-31 04:31:09'),
  (176, 23, '柏坡村', 0, 0, 0, 0, 0, 0, 0, 0, 0, 0, NULL, NULL, '2026-05-31 04:31:09'),
  (177, 23, '万安村', 0, 0, 0, 0, 0, 0, 0, 0, 0, 0, NULL, NULL, '2026-05-31 04:31:09'),
  (178, 23, '梁园', 0, 0, 0, 0, 0, 0, 0, 0, 0, 0, NULL, NULL, '2026-05-31 04:31:09'),
  (179, 23, '望城岗', 0, 0, 0, 0, 0, 0, 0, 0, 0, 0, NULL, NULL, '2026-05-31 04:31:09'),
  (180, 23, '翟河村', 0, 0, 0, 0, 0, 0, 0, 0, 0, 0, NULL, NULL, '2026-05-31 04:31:09'),
  (181, 23, '楼上村', 0, 0, 0, 0, 0, 0, 0, 0, 0, 0, NULL, NULL, '2026-05-31 04:31:09'),
  (182, 23, '牛寨村', 0, 0, 0, 0, 0, 0, 0, 0, 0, 0, NULL, NULL, '2026-05-31 04:31:09'),
  (183, 23, '汪庄村', 0, 0, 0, 0, 0, 0, 0, 0, 0, 0, NULL, NULL, '2026-05-31 04:31:09'),
  (184, 23, '和店村', 0, 0, 0, 0, 0, 0, 0, 0, 0, 0, NULL, NULL, '2026-05-31 04:31:09'),
  (185, 23, '岗上村', 0, 0, 0, 0, 0, 0, 0, 0, 0, 0, NULL, NULL, '2026-05-31 04:31:09'),
  (186, 23, '寺庄村', 0, 0, 0, 0, 0, 0, 0, 0, 0, 0, NULL, NULL, '2026-05-31 04:31:09'),
  (187, 23, '老樊店村', 0, 0, 0, 0, 0, 0, 0, 0, 0, 0, NULL, NULL, '2026-05-31 04:31:09'),
  (188, 23, '龙驹村', 0, 0, 0, 0, 0, 0, 0, 0, 0, 0, NULL, NULL, '2026-05-31 04:31:09'),
  (189, 23, '板闸店村', 0, 0, 0, 0, 0, 0, 0, 0, 0, 0, NULL, NULL, '2026-05-31 04:31:09'),
  (190, 23, '上坡村', 0, 0, 0, 0, 0, 0, 0, 0, 0, 0, NULL, NULL, '2026-05-31 04:31:09'),
  (191, 23, '草寺沟村', 0, 0, 0, 0, 0, 0, 0, 0, 0, 0, NULL, NULL, '2026-05-31 04:31:09'),
  (192, 23, '吴村', 0, 0, 0, 0, 0, 0, 0, 0, 0, 0, NULL, NULL, '2026-05-31 04:31:09'),
  (193, 24, '桥北村', 0, 0, 0, 0, 0, 0, 0, 0, 0, 0, NULL, NULL, '2026-05-31 04:31:09'),
  (194, 24, '南屯村', 0, 0, 0, 0, 0, 0, 0, 0, 0, 0, NULL, NULL, '2026-05-31 04:31:09'),
  (195, 24, '柏坡村', 0, 0, 0, 0, 0, 0, 0, 0, 0, 0, NULL, NULL, '2026-05-31 04:31:09'),
  (196, 24, '万安村', 0, 0, 0, 0, 0, 0, 0, 0, 0, 0, NULL, NULL, '2026-05-31 04:31:09'),
  (197, 24, '梁园', 0, 0, 0, 0, 0, 0, 0, 0, 0, 0, NULL, NULL, '2026-05-31 04:31:09'),
  (198, 24, '望城岗', 0, 0, 0, 0, 0, 0, 0, 0, 0, 0, NULL, NULL, '2026-05-31 04:31:09'),
  (199, 24, '翟河村', 0, 0, 0, 0, 0, 0, 0, 0, 0, 0, NULL, NULL, '2026-05-31 04:31:09'),
  (200, 24, '楼上村', 0, 0, 0, 0, 0, 0, 0, 0, 0, 0, NULL, NULL, '2026-05-31 04:31:09');

INSERT INTO villages (id, township_id, village_name, household_count, permanent_residents, temporary_staff, house_count, cave_count, farmland_area, forest_area, orchard_area, well_count, pump_count, longitude, latitude, created_at) VALUES
  (201, 24, '牛寨村', 0, 0, 0, 0, 0, 0, 0, 0, 0, 0, NULL, NULL, '2026-05-31 04:31:09'),
  (202, 24, '汪庄村', 0, 0, 0, 0, 0, 0, 0, 0, 0, 0, NULL, NULL, '2026-05-31 04:31:09'),
  (203, 24, '和店村', 0, 0, 0, 0, 0, 0, 0, 0, 0, 0, NULL, NULL, '2026-05-31 04:31:09'),
  (204, 24, '岗上村', 0, 0, 0, 0, 0, 0, 0, 0, 0, 0, NULL, NULL, '2026-05-31 04:31:09'),
  (205, 24, '寺庄村', 0, 0, 0, 0, 0, 0, 0, 0, 0, 0, NULL, NULL, '2026-05-31 04:31:09'),
  (206, 24, '老樊店村', 0, 0, 0, 0, 0, 0, 0, 0, 0, 0, NULL, NULL, '2026-05-31 04:31:09'),
  (207, 24, '龙驹村', 0, 0, 0, 0, 0, 0, 0, 0, 0, 0, NULL, NULL, '2026-05-31 04:31:09'),
  (208, 24, '板闸店村', 0, 0, 0, 0, 0, 0, 0, 0, 0, 0, NULL, NULL, '2026-05-31 04:31:09'),
  (209, 24, '上坡村', 0, 0, 0, 0, 0, 0, 0, 0, 0, 0, NULL, NULL, '2026-05-31 04:31:09'),
  (210, 24, '草寺沟村', 0, 0, 0, 0, 0, 0, 0, 0, 0, 0, NULL, NULL, '2026-05-31 04:31:09'),
  (211, 24, '吴村', 0, 0, 0, 0, 0, 0, 0, 0, 0, 0, NULL, NULL, '2026-05-31 04:31:09'),
  (212, 25, '桥北村', 0, 0, 0, 0, 0, 0, 0, 0, 0, 0, NULL, NULL, '2026-05-31 04:31:09'),
  (213, 25, '南屯村', 0, 0, 0, 0, 0, 0, 0, 0, 0, 0, NULL, NULL, '2026-05-31 04:31:09'),
  (214, 25, '柏坡村', 0, 0, 0, 0, 0, 0, 0, 0, 0, 0, NULL, NULL, '2026-05-31 04:31:09'),
  (215, 25, '万安村', 0, 0, 0, 0, 0, 0, 0, 0, 0, 0, NULL, NULL, '2026-05-31 04:31:09'),
  (216, 25, '梁园', 0, 0, 0, 0, 0, 0, 0, 0, 0, 0, NULL, NULL, '2026-05-31 04:31:09'),
  (217, 25, '望城岗', 0, 0, 0, 0, 0, 0, 0, 0, 0, 0, NULL, NULL, '2026-05-31 04:31:09'),
  (218, 25, '翟河村', 0, 0, 0, 0, 0, 0, 0, 0, 0, 0, NULL, NULL, '2026-05-31 04:31:09'),
  (219, 25, '楼上村', 0, 0, 0, 0, 0, 0, 0, 0, 0, 0, NULL, NULL, '2026-05-31 04:31:09'),
  (220, 25, '牛寨村', 0, 0, 0, 0, 0, 0, 0, 0, 0, 0, NULL, NULL, '2026-05-31 04:31:09'),
  (221, 25, '汪庄村', 0, 0, 0, 0, 0, 0, 0, 0, 0, 0, NULL, NULL, '2026-05-31 04:31:09'),
  (222, 25, '和店村', 0, 0, 0, 0, 0, 0, 0, 0, 0, 0, NULL, NULL, '2026-05-31 04:31:09'),
  (223, 25, '岗上村', 0, 0, 0, 0, 0, 0, 0, 0, 0, 0, NULL, NULL, '2026-05-31 04:31:09'),
  (224, 25, '寺庄村', 0, 0, 0, 0, 0, 0, 0, 0, 0, 0, NULL, NULL, '2026-05-31 04:31:09'),
  (225, 25, '老樊店村', 0, 0, 0, 0, 0, 0, 0, 0, 0, 0, NULL, NULL, '2026-05-31 04:31:09'),
  (226, 25, '龙驹村', 0, 0, 0, 0, 0, 0, 0, 0, 0, 0, NULL, NULL, '2026-05-31 04:31:09'),
  (227, 25, '板闸店村', 0, 0, 0, 0, 0, 0, 0, 0, 0, 0, NULL, NULL, '2026-05-31 04:31:09'),
  (228, 25, '上坡村', 0, 0, 0, 0, 0, 0, 0, 0, 0, 0, NULL, NULL, '2026-05-31 04:31:09'),
  (229, 25, '草寺沟村', 0, 0, 0, 0, 0, 0, 0, 0, 0, 0, NULL, NULL, '2026-05-31 04:31:09'),
  (230, 25, '吴村', 0, 0, 0, 0, 0, 0, 0, 0, 0, 0, NULL, NULL, '2026-05-31 04:31:09'),
  (231, 26, '桥北村', 0, 0, 0, 0, 0, 0, 0, 0, 0, 0, NULL, NULL, '2026-05-31 04:31:09'),
  (232, 26, '南屯村', 0, 0, 0, 0, 0, 0, 0, 0, 0, 0, NULL, NULL, '2026-05-31 04:31:09'),
  (233, 26, '柏坡村', 0, 0, 0, 0, 0, 0, 0, 0, 0, 0, NULL, NULL, '2026-05-31 04:31:09'),
  (234, 26, '万安村', 0, 0, 0, 0, 0, 0, 0, 0, 0, 0, NULL, NULL, '2026-05-31 04:31:09'),
  (235, 26, '梁园', 0, 0, 0, 0, 0, 0, 0, 0, 0, 0, NULL, NULL, '2026-05-31 04:31:09'),
  (236, 26, '望城岗', 0, 0, 0, 0, 0, 0, 0, 0, 0, 0, NULL, NULL, '2026-05-31 04:31:09'),
  (237, 26, '翟河村', 0, 0, 0, 0, 0, 0, 0, 0, 0, 0, NULL, NULL, '2026-05-31 04:31:09'),
  (238, 26, '楼上村', 0, 0, 0, 0, 0, 0, 0, 0, 0, 0, NULL, NULL, '2026-05-31 04:31:09'),
  (239, 26, '牛寨村', 0, 0, 0, 0, 0, 0, 0, 0, 0, 0, NULL, NULL, '2026-05-31 04:31:09'),
  (240, 26, '汪庄村', 0, 0, 0, 0, 0, 0, 0, 0, 0, 0, NULL, NULL, '2026-05-31 04:31:09'),
  (241, 26, '和店村', 0, 0, 0, 0, 0, 0, 0, 0, 0, 0, NULL, NULL, '2026-05-31 04:31:09'),
  (242, 26, '岗上村', 0, 0, 0, 0, 0, 0, 0, 0, 0, 0, NULL, NULL, '2026-05-31 04:31:09'),
  (243, 26, '寺庄村', 0, 0, 0, 0, 0, 0, 0, 0, 0, 0, NULL, NULL, '2026-05-31 04:31:09'),
  (244, 26, '老樊店村', 0, 0, 0, 0, 0, 0, 0, 0, 0, 0, NULL, NULL, '2026-05-31 04:31:09'),
  (245, 26, '龙驹村', 0, 0, 0, 0, 0, 0, 0, 0, 0, 0, NULL, NULL, '2026-05-31 04:31:09'),
  (246, 26, '板闸店村', 0, 0, 0, 0, 0, 0, 0, 0, 0, 0, NULL, NULL, '2026-05-31 04:31:09'),
  (247, 26, '上坡村', 0, 0, 0, 0, 0, 0, 0, 0, 0, 0, NULL, NULL, '2026-05-31 04:31:09'),
  (248, 26, '草寺沟村', 0, 0, 0, 0, 0, 0, 0, 0, 0, 0, NULL, NULL, '2026-05-31 04:31:09'),
  (249, 26, '吴村', 0, 0, 0, 0, 0, 0, 0, 0, 0, 0, NULL, NULL, '2026-05-31 04:31:09'),
  (250, 27, '桥北村', 0, 0, 0, 0, 0, 0, 0, 0, 0, 0, NULL, NULL, '2026-05-31 04:31:09');

INSERT INTO villages (id, township_id, village_name, household_count, permanent_residents, temporary_staff, house_count, cave_count, farmland_area, forest_area, orchard_area, well_count, pump_count, longitude, latitude, created_at) VALUES
  (251, 27, '南屯村', 0, 0, 0, 0, 0, 0, 0, 0, 0, 0, NULL, NULL, '2026-05-31 04:31:09'),
  (252, 27, '柏坡村', 0, 0, 0, 0, 0, 0, 0, 0, 0, 0, NULL, NULL, '2026-05-31 04:31:09'),
  (253, 27, '万安村', 0, 0, 0, 0, 0, 0, 0, 0, 0, 0, NULL, NULL, '2026-05-31 04:31:09'),
  (254, 27, '梁园', 0, 0, 0, 0, 0, 0, 0, 0, 0, 0, NULL, NULL, '2026-05-31 04:31:09'),
  (255, 27, '望城岗', 0, 0, 0, 0, 0, 0, 0, 0, 0, 0, NULL, NULL, '2026-05-31 04:31:09'),
  (256, 27, '翟河村', 0, 0, 0, 0, 0, 0, 0, 0, 0, 0, NULL, NULL, '2026-05-31 04:31:09'),
  (257, 27, '楼上村', 0, 0, 0, 0, 0, 0, 0, 0, 0, 0, NULL, NULL, '2026-05-31 04:31:09'),
  (258, 27, '牛寨村', 0, 0, 0, 0, 0, 0, 0, 0, 0, 0, NULL, NULL, '2026-05-31 04:31:09'),
  (259, 27, '汪庄村', 0, 0, 0, 0, 0, 0, 0, 0, 0, 0, NULL, NULL, '2026-05-31 04:31:09'),
  (260, 27, '和店村', 0, 0, 0, 0, 0, 0, 0, 0, 0, 0, NULL, NULL, '2026-05-31 04:31:09'),
  (261, 27, '岗上村', 0, 0, 0, 0, 0, 0, 0, 0, 0, 0, NULL, NULL, '2026-05-31 04:31:09'),
  (262, 27, '寺庄村', 0, 0, 0, 0, 0, 0, 0, 0, 0, 0, NULL, NULL, '2026-05-31 04:31:09'),
  (263, 27, '老樊店村', 0, 0, 0, 0, 0, 0, 0, 0, 0, 0, NULL, NULL, '2026-05-31 04:31:09'),
  (264, 27, '龙驹村', 0, 0, 0, 0, 0, 0, 0, 0, 0, 0, NULL, NULL, '2026-05-31 04:31:09'),
  (265, 27, '板闸店村', 0, 0, 0, 0, 0, 0, 0, 0, 0, 0, NULL, NULL, '2026-05-31 04:31:09'),
  (266, 27, '上坡村', 0, 0, 0, 0, 0, 0, 0, 0, 0, 0, NULL, NULL, '2026-05-31 04:31:09'),
  (267, 27, '草寺沟村', 0, 0, 0, 0, 0, 0, 0, 0, 0, 0, NULL, NULL, '2026-05-31 04:31:09'),
  (268, 27, '吴村', 0, 0, 0, 0, 0, 0, 0, 0, 0, 0, NULL, NULL, '2026-05-31 04:31:09'),
  (269, 28, '南庄村', 0, 0, 0, 0, 0, 0, 0, 0, 0, 0, NULL, NULL, '2026-05-31 04:31:09'),
  (270, 28, '干涧沟村', 0, 0, 0, 0, 0, 0, 0, 0, 0, 0, NULL, NULL, '2026-05-31 04:31:09'),
  (271, 28, '曲里村', 0, 0, 0, 0, 0, 0, 0, 0, 0, 0, NULL, NULL, '2026-05-31 04:31:09'),
  (272, 29, '南庄村', 0, 0, 0, 0, 0, 0, 0, 0, 0, 0, NULL, NULL, '2026-05-31 04:31:09'),
  (273, 29, '干涧沟村', 0, 0, 0, 0, 0, 0, 0, 0, 0, 0, NULL, NULL, '2026-05-31 04:31:09'),
  (274, 29, '曲里村', 0, 0, 0, 0, 0, 0, 0, 0, 0, 0, NULL, NULL, '2026-05-31 04:31:09'),
  (275, 30, '南庄村', 0, 0, 0, 0, 0, 0, 0, 0, 0, 0, NULL, NULL, '2026-05-31 04:31:09'),
  (276, 30, '干涧沟村', 0, 0, 0, 0, 0, 0, 0, 0, 0, 0, NULL, NULL, '2026-05-31 04:31:09'),
  (277, 30, '曲里村', 0, 0, 0, 0, 0, 0, 0, 0, 0, 0, NULL, NULL, '2026-05-31 04:31:09'),
  (278, 31, '南庄村', 0, 0, 0, 0, 0, 0, 0, 0, 0, 0, NULL, NULL, '2026-05-31 04:31:09'),
  (279, 31, '干涧沟村', 0, 0, 0, 0, 0, 0, 0, 0, 0, 0, NULL, NULL, '2026-05-31 04:31:09'),
  (280, 31, '曲里村', 0, 0, 0, 0, 0, 0, 0, 0, 0, 0, NULL, NULL, '2026-05-31 04:31:09'),
  (281, 32, '南庄村', 0, 0, 0, 0, 0, 0, 0, 0, 0, 0, NULL, NULL, '2026-05-31 04:31:09'),
  (282, 32, '干涧沟村', 0, 0, 0, 0, 0, 0, 0, 0, 0, 0, NULL, NULL, '2026-05-31 04:31:09'),
  (283, 32, '曲里村', 0, 0, 0, 0, 0, 0, 0, 0, 0, 0, NULL, NULL, '2026-05-31 04:31:09'),
  (284, 33, '上仓村', 0, 0, 0, 0, 0, 0, 0, 0, 0, 0, NULL, NULL, '2026-05-31 04:31:09'),
  (285, 33, '北街村', 0, 0, 0, 0, 0, 0, 0, 0, 0, 0, NULL, NULL, '2026-05-31 04:31:09'),
  (286, 33, '南街村', 0, 0, 0, 0, 0, 0, 0, 0, 0, 0, NULL, NULL, '2026-05-31 04:31:09'),
  (287, 33, '西关社区', 0, 0, 0, 0, 0, 0, 0, 0, 0, 0, NULL, NULL, '2026-05-31 04:31:09'),
  (288, 33, '新二社区', 0, 0, 0, 0, 0, 0, 0, 0, 0, 0, NULL, NULL, '2026-05-31 04:31:09'),
  (289, 33, '北店街社区', 0, 0, 0, 0, 0, 0, 0, 0, 0, 0, NULL, NULL, '2026-05-31 04:31:09'),
  (290, 33, '安康', 0, 0, 0, 0, 0, 0, 0, 0, 0, 0, NULL, NULL, '2026-05-31 04:31:09'),
  (291, 33, '文化', 0, 0, 0, 0, 0, 0, 0, 0, 0, 0, NULL, NULL, '2026-05-31 04:31:09'),
  (292, 34, '上仓村', 0, 0, 0, 0, 0, 0, 0, 0, 0, 0, NULL, NULL, '2026-05-31 04:31:09'),
  (293, 34, '北街村', 0, 0, 0, 0, 0, 0, 0, 0, 0, 0, NULL, NULL, '2026-05-31 04:31:09'),
  (294, 34, '南街村', 0, 0, 0, 0, 0, 0, 0, 0, 0, 0, NULL, NULL, '2026-05-31 04:31:09'),
  (295, 34, '西关社区', 0, 0, 0, 0, 0, 0, 0, 0, 0, 0, NULL, NULL, '2026-05-31 04:31:09'),
  (296, 34, '新二社区', 0, 0, 0, 0, 0, 0, 0, 0, 0, 0, NULL, NULL, '2026-05-31 04:31:09'),
  (297, 34, '北店街社区', 0, 0, 0, 0, 0, 0, 0, 0, 0, 0, NULL, NULL, '2026-05-31 04:31:09'),
  (298, 34, '安康', 0, 0, 0, 0, 0, 0, 0, 0, 0, 0, NULL, NULL, '2026-05-31 04:31:09'),
  (299, 34, '文化', 0, 0, 0, 0, 0, 0, 0, 0, 0, 0, NULL, NULL, '2026-05-31 04:31:09'),
  (300, 35, '上仓村', 0, 0, 0, 0, 0, 0, 0, 0, 0, 0, NULL, NULL, '2026-05-31 04:31:09');

INSERT INTO villages (id, township_id, village_name, household_count, permanent_residents, temporary_staff, house_count, cave_count, farmland_area, forest_area, orchard_area, well_count, pump_count, longitude, latitude, created_at) VALUES
  (301, 35, '北园村', 0, 0, 0, 0, 0, 0, 0, 0, 0, 0, NULL, NULL, '2026-05-31 04:31:09'),
  (302, 35, '北街村', 0, 0, 0, 0, 0, 0, 0, 0, 0, 0, NULL, NULL, '2026-05-31 04:31:09'),
  (303, 35, '南街村', 0, 0, 0, 0, 0, 0, 0, 0, 0, 0, NULL, NULL, '2026-05-31 04:31:09'),
  (304, 35, '西关社区', 0, 0, 0, 0, 0, 0, 0, 0, 0, 0, NULL, NULL, '2026-05-31 04:31:09'),
  (305, 35, '新二社区', 0, 0, 0, 0, 0, 0, 0, 0, 0, 0, NULL, NULL, '2026-05-31 04:31:09'),
  (306, 35, '北店街社区', 0, 0, 0, 0, 0, 0, 0, 0, 0, 0, NULL, NULL, '2026-05-31 04:31:09'),
  (307, 35, '安康', 0, 0, 0, 0, 0, 0, 0, 0, 0, 0, NULL, NULL, '2026-05-31 04:31:09'),
  (308, 35, '文化', 0, 0, 0, 0, 0, 0, 0, 0, 0, 0, NULL, NULL, '2026-05-31 04:31:09'),
  (309, 36, '回郭镇_干沟', 0, 0, 0, 0, 0, 0, 0, 0, 0, 0, NULL, NULL, '2026-05-31 04:37:21'),
  (310, 36, '柴沟', 0, 0, 0, 0, 0, 0, 0, 0, 0, 0, NULL, NULL, '2026-05-31 04:37:21'),
  (311, 36, '柏玉', 0, 0, 0, 0, 0, 0, 0, 0, 0, 0, NULL, NULL, '2026-05-31 04:37:21'),
  (312, 36, '前庄', 0, 0, 0, 0, 0, 0, 0, 0, 0, 0, NULL, NULL, '2026-05-31 04:37:21'),
  (313, 36, '刘村', 0, 0, 0, 0, 0, 0, 0, 0, 0, 0, NULL, NULL, '2026-05-31 04:37:21'),
  (314, 36, '杨庄', 0, 0, 0, 0, 0, 0, 0, 0, 0, 0, NULL, NULL, '2026-05-31 04:37:21'),
  (315, 36, '李邵', 0, 0, 0, 0, 0, 0, 0, 0, 0, 0, NULL, NULL, '2026-05-31 04:37:21'),
  (316, 36, '北寺', 0, 0, 0, 0, 0, 0, 0, 0, 0, 0, NULL, NULL, '2026-05-31 04:37:21'),
  (317, 36, '马口', 0, 0, 0, 0, 0, 0, 0, 0, 0, 0, NULL, NULL, '2026-05-31 04:37:21'),
  (318, 36, '东庙', 0, 0, 0, 0, 0, 0, 0, 0, 0, 0, NULL, NULL, '2026-05-31 04:37:21'),
  (319, 36, '北罗', 0, 0, 0, 0, 0, 0, 0, 0, 0, 0, NULL, NULL, '2026-05-31 04:37:21'),
  (320, 36, '南罗', 0, 0, 0, 0, 0, 0, 0, 0, 0, 0, NULL, NULL, '2026-05-31 04:37:21'),
  (321, 36, '清西', 0, 0, 0, 0, 0, 0, 0, 0, 0, 0, NULL, NULL, '2026-05-31 04:37:21'),
  (322, 36, '清中', 0, 0, 0, 0, 0, 0, 0, 0, 0, 0, NULL, NULL, '2026-05-31 04:37:21'),
  (323, 36, '清东', 0, 0, 0, 0, 0, 0, 0, 0, 0, 0, NULL, NULL, '2026-05-31 04:37:21'),
  (324, 36, '小訾殿', 0, 0, 0, 0, 0, 0, 0, 0, 0, 0, NULL, NULL, '2026-05-31 04:37:21'),
  (325, 36, '芝田镇_稍柴', 0, 0, 0, 0, 0, 0, 0, 0, 0, 0, NULL, NULL, '2026-05-31 04:37:21'),
  (326, 36, '寇家湾', 0, 0, 0, 0, 0, 0, 0, 0, 0, 0, NULL, NULL, '2026-05-31 04:37:21'),
  (327, 36, '杜甫办_东黑石关', 0, 0, 0, 0, 0, 0, 0, 0, 0, 0, NULL, NULL, '2026-05-31 04:37:21'),
  (328, 36, '孝义办_二十里', 0, 0, 0, 0, 0, 0, 0, 0, 0, 0, NULL, NULL, '2026-05-31 04:37:21'),
  (329, 36, '孝南', 0, 0, 0, 0, 0, 0, 0, 0, 0, 0, NULL, NULL, '2026-05-31 04:37:21'),
  (330, 36, '孝北', 0, 0, 0, 0, 0, 0, 0, 0, 0, 0, NULL, NULL, '2026-05-31 04:37:21'),
  (331, 36, '桥上', 0, 0, 0, 0, 0, 0, 0, 0, 0, 0, NULL, NULL, '2026-05-31 04:37:21'),
  (332, 36, '小沟', 0, 0, 0, 0, 0, 0, 0, 0, 0, 0, NULL, NULL, '2026-05-31 04:37:21'),
  (333, 36, '烈江沟', 0, 0, 0, 0, 0, 0, 0, 0, 0, 0, NULL, NULL, '2026-05-31 04:37:21'),
  (334, 36, '石灰务', 0, 0, 0, 0, 0, 0, 0, 0, 0, 0, NULL, NULL, '2026-05-31 04:37:21'),
  (335, 36, '龙尾', 0, 0, 0, 0, 0, 0, 0, 0, 0, 0, NULL, NULL, '2026-05-31 04:37:21'),
  (336, 36, '站街镇_仓西', 0, 0, 0, 0, 0, 0, 0, 0, 0, 0, NULL, NULL, '2026-05-31 04:37:21'),
  (337, 36, '东站镇', 0, 0, 0, 0, 0, 0, 0, 0, 0, 0, NULL, NULL, '2026-05-31 04:37:21'),
  (338, 36, '北窑湾', 0, 0, 0, 0, 0, 0, 0, 0, 0, 0, NULL, NULL, '2026-05-31 04:37:21'),
  (339, 36, '康店镇_康南', 0, 0, 0, 0, 0, 0, 0, 0, 0, 0, NULL, NULL, '2026-05-31 04:37:21'),
  (340, 36, '康北', 0, 0, 0, 0, 0, 0, 0, 0, 0, 0, NULL, NULL, '2026-05-31 04:37:21'),
  (341, 36, '焦湾', 0, 0, 0, 0, 0, 0, 0, 0, 0, 0, NULL, NULL, '2026-05-31 04:37:21'),
  (342, 36, '礼泉', 0, 0, 0, 0, 0, 0, 0, 0, 0, 0, NULL, NULL, '2026-05-31 04:37:21'),
  (343, 36, '庄头', 0, 0, 0, 0, 0, 0, 0, 0, 0, 0, NULL, NULL, '2026-05-31 04:37:21'),
  (344, 36, '河洛镇_水峪', 0, 0, 0, 0, 0, 0, 0, 0, 0, 0, NULL, NULL, '2026-05-31 04:37:21'),
  (345, 36, '蔡沟', 0, 0, 0, 0, 0, 0, 0, 0, 0, 0, NULL, NULL, '2026-05-31 04:37:21'),
  (346, 36, '五龙', 0, 0, 0, 0, 0, 0, 0, 0, 0, 0, NULL, NULL, '2026-05-31 04:37:21'),
  (347, 36, '古桥', 0, 0, 0, 0, 0, 0, 0, 0, 0, 0, NULL, NULL, '2026-05-31 04:37:21'),
  (348, 36, '庙门', 0, 0, 0, 0, 0, 0, 0, 0, 0, 0, NULL, NULL, '2026-05-31 04:37:21'),
  (349, 36, '石关', 0, 0, 0, 0, 0, 0, 0, 0, 0, 0, NULL, NULL, '2026-05-31 04:37:21'),
  (350, 36, '寺湾', 0, 0, 0, 0, 0, 0, 0, 0, 0, 0, NULL, NULL, '2026-05-31 04:37:21');

INSERT INTO villages (id, township_id, village_name, household_count, permanent_residents, temporary_staff, house_count, cave_count, farmland_area, forest_area, orchard_area, well_count, pump_count, longitude, latitude, created_at) VALUES
  (351, 36, '南河渡', 0, 0, 0, 0, 0, 0, 0, 0, 0, 0, NULL, NULL, '2026-05-31 04:37:21'),
  (352, 36, '神南', 0, 0, 0, 0, 0, 0, 0, 0, 0, 0, NULL, NULL, '2026-05-31 04:37:21'),
  (353, 36, '神北', 0, 0, 0, 0, 0, 0, 0, 0, 0, 0, NULL, NULL, '2026-05-31 04:37:21'),
  (354, 36, '七里铺', 0, 0, 0, 0, 0, 0, 0, 0, 0, 0, NULL, NULL, '2026-05-31 04:37:21'),
  (355, 37, '村     庄     名     称', 0, 0, 0, 0, 0, 0, 0, 0, 0, 0, NULL, NULL, '2026-05-31 04:37:21'),
  (356, 37, '喂南 喂北 西谷 东谷 堤头 后马郡', 0, 0, 0, 0, 0, 0, 0, 0, 0, 0, NULL, NULL, '2026-05-31 04:37:21'),
  (357, 37, '尚庄 佛滩头 周堂 黄大王庙 仝庄 赵庄街 赵庄寨 王庄 东庄 前马郡 寇圪当 岳滩', 0, 0, 0, 0, 0, 0, 0, 0, 0, 0, NULL, NULL, '2026-05-31 04:37:21'),
  (358, 37, '前李 四角楼 圪当头 二里头 北许', 0, 0, 0, 0, 0, 0, 0, 0, 0, 0, NULL, NULL, '2026-05-31 04:37:21'),
  (359, 37, '西洼 东洼', 0, 0, 0, 0, 0, 0, 0, 0, 0, 0, NULL, NULL, '2026-05-31 04:37:21'),
  (360, 37, '田西 田北 田中 宁北 宁南 翟西', 0, 0, 0, 0, 0, 0, 0, 0, 0, 0, NULL, NULL, '2026-05-31 04:37:21'),
  (361, 37, '翟东 前王 卧龙 王七 甄庄 大炉庄', 0, 0, 0, 0, 0, 0, 0, 0, 0, 0, NULL, NULL, '2026-05-31 04:37:21'),
  (362, 37, '安滩 杨村 曲家寨（枣庄）', 0, 0, 0, 0, 0, 0, 0, 0, 0, 0, NULL, NULL, '2026-05-31 04:37:21'),
  (363, 37, '后庄 东寺庄 西寺庄 北关 许庄', 0, 0, 0, 0, 0, 0, 0, 0, 0, 0, NULL, NULL, '2026-05-31 04:37:21'),
  (364, 37, '齐庄 北窑', 0, 0, 0, 0, 0, 0, 0, 0, 0, 0, NULL, NULL, '2026-05-31 04:37:21'),
  (365, 37, '前杜楼 新寨 塔庄', 0, 0, 0, 0, 0, 0, 0, 0, 0, 0, NULL, NULL, '2026-05-31 04:37:21'),
  (366, 37, '城东 前纸庄 前张 后纸庄 古城', 0, 0, 0, 0, 0, 0, 0, 0, 0, 0, NULL, NULL, '2026-05-31 04:37:21'),
  (367, 37, '渔古 义井 龙虎滩', 0, 0, 0, 0, 0, 0, 0, 0, 0, 0, NULL, NULL, '2026-05-31 04:37:21'),
  (368, 37, '王窑', 0, 0, 0, 0, 0, 0, 0, 0, 0, 0, NULL, NULL, '2026-05-31 04:37:21'),
  (369, 38, '市级小计', 0, 0, 0, 0, 0, 0, 0, 0, 0, 0, NULL, NULL, '2026-05-31 04:37:21'),
  (370, 38, '大型水库小计', 0, 0, 0, 0, 0, 0, 0, 0, 0, 0, NULL, NULL, '2026-05-31 04:37:21'),
  (371, 38, '陆浑水库', 0, 0, 0, 0, 0, 0, 0, 0, 0, 0, NULL, NULL, '2026-05-31 04:37:21'),
  (372, 38, '故县水库', 0, 0, 0, 0, 0, 0, 0, 0, 0, 0, NULL, NULL, '2026-05-31 04:37:21'),
  (373, 38, '主要防洪河道小计', 0, 0, 0, 0, 0, 0, 0, 0, 0, 0, NULL, NULL, '2026-05-31 04:37:21'),
  (374, 38, '伊河小计', 0, 0, 0, 0, 0, 0, 0, 0, 0, 0, NULL, NULL, '2026-05-31 04:37:21'),
  (375, 38, '栾川', 0, 0, 0, 0, 0, 0, 0, 0, 0, 0, NULL, NULL, '2026-05-31 04:37:21'),
  (376, 38, '嵩县', 0, 0, 0, 0, 0, 0, 0, 0, 0, 0, NULL, NULL, '2026-05-31 04:37:21'),
  (377, 38, '伊川', 0, 0, 0, 0, 0, 0, 0, 0, 0, 0, NULL, NULL, '2026-05-31 04:37:21'),
  (378, 38, '洛龙区', 0, 0, 0, 0, 0, 0, 0, 0, 0, 0, NULL, NULL, '2026-05-31 04:37:21'),
  (379, 38, '偃师', 0, 0, 0, 0, 0, 0, 0, 0, 0, 0, NULL, NULL, '2026-05-31 04:37:21'),
  (380, 38, '洛河小计', 0, 0, 0, 0, 0, 0, 0, 0, 0, 0, NULL, NULL, '2026-05-31 04:37:21'),
  (381, 38, '洛宁', 0, 0, 0, 0, 0, 0, 0, 0, 0, 0, NULL, NULL, '2026-05-31 04:37:21'),
  (382, 38, '宜阳', 0, 0, 0, 0, 0, 0, 0, 0, 0, 0, NULL, NULL, '2026-05-31 04:37:21'),
  (383, 39, '芝田', 0, 0, 0, 0, 0, 0, 0, 0, 0, 0, NULL, NULL, '2026-05-31 04:37:21'),
  (384, 39, '康店', 0, 0, 0, 0, 0, 0, 0, 0, 0, 0, NULL, NULL, '2026-05-31 04:37:21'),
  (385, 39, '回郭镇', 0, 0, 0, 0, 0, 0, 0, 0, 0, 0, NULL, NULL, '2026-05-31 04:37:21'),
  (386, 39, '站街', 0, 0, 0, 0, 0, 0, 0, 0, 0, 0, NULL, NULL, '2026-05-31 04:37:21'),
  (387, 39, '河洛镇', 0, 0, 0, 0, 0, 0, 0, 0, 0, 0, NULL, NULL, '2026-05-31 04:37:21'),
  (388, 39, '孝义街道办', 0, 0, 0, 0, 0, 0, 0, 0, 0, 0, NULL, NULL, '2026-05-31 04:37:21'),
  (389, 39, '紫荆街道办', 0, 0, 0, 0, 0, 0, 0, 0, 0, 0, NULL, NULL, '2026-05-31 04:37:21'),
  (390, 39, '杜甫街道办', 0, 0, 0, 0, 0, 0, 0, 0, 0, 0, NULL, NULL, '2026-05-31 04:37:21'),
  (391, 39, '合   计', 0, 0, 0, 0, 0, 0, 0, 0, 0, 0, NULL, NULL, '2026-05-31 04:37:21'),
  (392, 40, '偃师', 0, 0, 0, 0, 0, 0, 0, 0, 0, 0, NULL, NULL, '2026-05-31 04:37:21'),
  (393, 40, '伊川', 0, 0, 0, 0, 0, 0, 0, 0, 0, 0, NULL, NULL, '2026-05-31 04:37:21'),
  (394, 40, '嵩县', 0, 0, 0, 0, 0, 0, 0, 0, 0, 0, NULL, NULL, '2026-05-31 04:37:21'),
  (395, 40, '宜阳', 0, 0, 0, 0, 0, 0, 0, 0, 0, 0, NULL, NULL, '2026-05-31 04:37:21'),
  (396, 40, '洛宁', 0, 0, 0, 0, 0, 0, 0, 0, 0, 0, NULL, NULL, '2026-05-31 04:37:21'),
  (397, 40, '市区', 0, 0, 0, 0, 0, 0, 0, 0, 0, 0, NULL, NULL, '2026-05-31 04:37:21'),
  (398, 41, '回郭镇', 0, 0, 0, 0, 0, 0, 0, 0, 0, 0, NULL, NULL, '2026-05-31 04:37:21'),
  (399, 41, '孝义街道办', 0, 0, 0, 0, 0, 0, 0, 0, 0, 0, NULL, NULL, '2026-05-31 04:37:21'),
  (400, 41, '站街镇', 0, 0, 0, 0, 0, 0, 0, 0, 0, 0, NULL, NULL, '2026-05-31 04:37:21');

INSERT INTO villages (id, township_id, village_name, household_count, permanent_residents, temporary_staff, house_count, cave_count, farmland_area, forest_area, orchard_area, well_count, pump_count, longitude, latitude, created_at) VALUES
  (401, 41, '康店镇', 0, 0, 0, 0, 0, 0, 0, 0, 0, 0, NULL, NULL, '2026-05-31 04:37:21'),
  (402, 41, '芝田镇', 0, 0, 0, 0, 0, 0, 0, 0, 0, 0, NULL, NULL, '2026-05-31 04:37:21'),
  (403, 41, '河洛镇', 0, 0, 0, 0, 0, 0, 0, 0, 0, 0, NULL, NULL, '2026-05-31 04:37:21'),
  (404, 41, '杜甫街道办', 0, 0, 0, 0, 0, 0, 0, 0, 0, 0, NULL, NULL, '2026-05-31 04:37:21'),
  (405, 41, '合计', 0, 0, 0, 0, 0, 0, 0, 0, 0, 0, NULL, NULL, '2026-05-31 04:37:21'),
  (406, 42, '电话_0', 0, 0, 0, 0, 0, 0, 0, 0, 0, 0, NULL, NULL, '2026-05-31 04:37:21'),
  (407, 42, '电话_1', 0, 0, 0, 0, 0, 0, 0, 0, 0, 0, NULL, NULL, '2026-05-31 04:37:21'),
  (408, 42, '电话_2', 0, 0, 0, 0, 0, 0, 0, 0, 0, 0, NULL, NULL, '2026-05-31 04:37:21'),
  (409, 42, '电话_3', 0, 0, 0, 0, 0, 0, 0, 0, 0, 0, NULL, NULL, '2026-05-31 04:37:21'),
  (410, 42, '电话_4', 0, 0, 0, 0, 0, 0, 0, 0, 0, 0, NULL, NULL, '2026-05-31 04:37:21'),
  (411, 42, '电话_6', 0, 0, 0, 0, 0, 0, 0, 0, 0, 0, NULL, NULL, '2026-05-31 04:37:21'),
  (412, 42, '电话_7', 0, 0, 0, 0, 0, 0, 0, 0, 0, 0, NULL, NULL, '2026-05-31 04:37:21'),
  (413, 42, '电话_8', 0, 0, 0, 0, 0, 0, 0, 0, 0, 0, NULL, NULL, '2026-05-31 04:37:21'),
  (414, 42, '电话_9', 0, 0, 0, 0, 0, 0, 0, 0, 0, 0, NULL, NULL, '2026-05-31 04:37:21'),
  (415, 42, '电话_10', 0, 0, 0, 0, 0, 0, 0, 0, 0, 0, NULL, NULL, '2026-05-31 04:37:21'),
  (416, 42, '电话_11', 0, 0, 0, 0, 0, 0, 0, 0, 0, 0, NULL, NULL, '2026-05-31 04:37:21'),
  (417, 42, '电话_12', 0, 0, 0, 0, 0, 0, 0, 0, 0, 0, NULL, NULL, '2026-05-31 04:37:21'),
  (418, 42, '电话_13', 0, 0, 0, 0, 0, 0, 0, 0, 0, 0, NULL, NULL, '2026-05-31 04:37:21'),
  (419, 42, '电话_14', 0, 0, 0, 0, 0, 0, 0, 0, 0, 0, NULL, NULL, '2026-05-31 04:37:21'),
  (420, 42, '电话_15', 0, 0, 0, 0, 0, 0, 0, 0, 0, 0, NULL, NULL, '2026-05-31 04:37:21'),
  (421, 42, '电话_16', 0, 0, 0, 0, 0, 0, 0, 0, 0, 0, NULL, NULL, '2026-05-31 04:37:21'),
  (422, 42, '电话_17', 0, 0, 0, 0, 0, 0, 0, 0, 0, 0, NULL, NULL, '2026-05-31 04:37:21'),
  (423, 42, '电话_18', 0, 0, 0, 0, 0, 0, 0, 0, 0, 0, NULL, NULL, '2026-05-31 04:37:21'),
  (424, 42, '电话_19', 0, 0, 0, 0, 0, 0, 0, 0, 0, 0, NULL, NULL, '2026-05-31 04:37:21'),
  (425, 42, '电话_20', 0, 0, 0, 0, 0, 0, 0, 0, 0, 0, NULL, NULL, '2026-05-31 04:37:21'),
  (426, 42, '电话_21', 0, 0, 0, 0, 0, 0, 0, 0, 0, 0, NULL, NULL, '2026-05-31 04:37:21'),
  (427, 42, '电话_22', 0, 0, 0, 0, 0, 0, 0, 0, 0, 0, NULL, NULL, '2026-05-31 04:37:21'),
  (428, 42, '电话_23', 0, 0, 0, 0, 0, 0, 0, 0, 0, 0, NULL, NULL, '2026-05-31 04:37:21'),
  (429, 42, '电话_24', 0, 0, 0, 0, 0, 0, 0, 0, 0, 0, NULL, NULL, '2026-05-31 04:37:21'),
  (430, 43, '李和平', 0, 0, 0, 0, 0, 0, 0, 0, 0, 0, NULL, NULL, '2026-05-31 04:37:21'),
  (431, 43, '薛福林', 0, 0, 0, 0, 0, 0, 0, 0, 0, 0, NULL, NULL, '2026-05-31 04:37:21'),
  (432, 43, '王海华', 0, 0, 0, 0, 0, 0, 0, 0, 0, 0, NULL, NULL, '2026-05-31 04:37:21'),
  (433, 43, '李艳芬', 0, 0, 0, 0, 0, 0, 0, 0, 0, 0, NULL, NULL, '2026-05-31 04:37:21'),
  (434, 43, '钱明雄', 0, 0, 0, 0, 0, 0, 0, 0, 0, 0, NULL, NULL, '2026-05-31 04:37:21'),
  (435, 43, '胡  冰', 0, 0, 0, 0, 0, 0, 0, 0, 0, 0, NULL, NULL, '2026-05-31 04:37:21'),
  (436, 43, '郭争气', 0, 0, 0, 0, 0, 0, 0, 0, 0, 0, NULL, NULL, '2026-05-31 04:37:21'),
  (437, 43, '朱喜峰', 0, 0, 0, 0, 0, 0, 0, 0, 0, 0, NULL, NULL, '2026-05-31 04:37:21'),
  (438, 43, '罗  强', 0, 0, 0, 0, 0, 0, 0, 0, 0, 0, NULL, NULL, '2026-05-31 04:37:21'),
  (439, 43, '李  涛', 0, 0, 0, 0, 0, 0, 0, 0, 0, 0, NULL, NULL, '2026-05-31 04:37:21'),
  (440, 43, '孙杰坤', 0, 0, 0, 0, 0, 0, 0, 0, 0, 0, NULL, NULL, '2026-05-31 04:37:21'),
  (441, 43, '范瑜彬', 0, 0, 0, 0, 0, 0, 0, 0, 0, 0, NULL, NULL, '2026-05-31 04:37:21'),
  (442, 43, '席俊超', 0, 0, 0, 0, 0, 0, 0, 0, 0, 0, NULL, NULL, '2026-05-31 04:37:21'),
  (443, 43, '周高云', 0, 0, 0, 0, 0, 0, 0, 0, 0, 0, NULL, NULL, '2026-05-31 04:37:21'),
  (444, 43, '李伟平', 0, 0, 0, 0, 0, 0, 0, 0, 0, 0, NULL, NULL, '2026-05-31 04:37:21'),
  (445, 43, '姜  维', 0, 0, 0, 0, 0, 0, 0, 0, 0, 0, NULL, NULL, '2026-05-31 04:37:21'),
  (446, 43, '仝  超', 0, 0, 0, 0, 0, 0, 0, 0, 0, 0, NULL, NULL, '2026-05-31 04:37:21'),
  (447, 43, '张  博', 0, 0, 0, 0, 0, 0, 0, 0, 0, 0, NULL, NULL, '2026-05-31 04:37:21'),
  (448, 43, '靳  旭', 0, 0, 0, 0, 0, 0, 0, 0, 0, 0, NULL, NULL, '2026-05-31 04:37:21'),
  (449, 43, '魏智慧', 0, 0, 0, 0, 0, 0, 0, 0, 0, 0, NULL, NULL, '2026-05-31 04:37:21'),
  (450, 43, '褚占峰', 0, 0, 0, 0, 0, 0, 0, 0, 0, 0, NULL, NULL, '2026-05-31 04:37:21');

INSERT INTO villages (id, township_id, village_name, household_count, permanent_residents, temporary_staff, house_count, cave_count, farmland_area, forest_area, orchard_area, well_count, pump_count, longitude, latitude, created_at) VALUES
  (451, 43, '陈东讯', 0, 0, 0, 0, 0, 0, 0, 0, 0, 0, NULL, NULL, '2026-05-31 04:37:21'),
  (452, 43, '姚广瑞', 0, 0, 0, 0, 0, 0, 0, 0, 0, 0, NULL, NULL, '2026-05-31 04:37:21'),
  (453, 43, '史建玲', 0, 0, 0, 0, 0, 0, 0, 0, 0, 0, NULL, NULL, '2026-05-31 04:37:21'),
  (454, 43, '纳学超', 0, 0, 0, 0, 0, 0, 0, 0, 0, 0, NULL, NULL, '2026-05-31 04:37:21'),
  (455, 43, '刘  柱', 0, 0, 0, 0, 0, 0, 0, 0, 0, 0, NULL, NULL, '2026-05-31 04:37:21'),
  (456, 43, '谢湘龙', 0, 0, 0, 0, 0, 0, 0, 0, 0, 0, NULL, NULL, '2026-05-31 04:37:21'),
  (457, 43, '李文朋', 0, 0, 0, 0, 0, 0, 0, 0, 0, 0, NULL, NULL, '2026-05-31 04:37:21'),
  (458, 43, '李奕甫', 0, 0, 0, 0, 0, 0, 0, 0, 0, 0, NULL, NULL, '2026-05-31 04:37:21'),
  (459, 43, '陈潇', 0, 0, 0, 0, 0, 0, 0, 0, 0, 0, NULL, NULL, '2026-05-31 04:37:21'),
  (460, 43, '范育铭', 0, 0, 0, 0, 0, 0, 0, 0, 0, 0, NULL, NULL, '2026-05-31 04:37:21'),
  (461, 43, '刘连在', 0, 0, 0, 0, 0, 0, 0, 0, 0, 0, NULL, NULL, '2026-05-31 04:37:21'),
  (462, 43, '陈志敏', 0, 0, 0, 0, 0, 0, 0, 0, 0, 0, NULL, NULL, '2026-05-31 04:37:21'),
  (463, 43, '应急管理局', 0, 0, 0, 0, 0, 0, 0, 0, 0, 0, NULL, NULL, '2026-05-31 04:37:21'),
  (464, 43, '水务局', 0, 0, 0, 0, 0, 0, 0, 0, 0, 0, NULL, NULL, '2026-05-31 04:37:21'),
  (465, 43, '农牧水务局', 0, 0, 0, 0, 0, 0, 0, 0, 0, 0, NULL, NULL, '2026-05-31 04:37:21'),
  (466, 44, '照明灯', 0, 0, 0, 0, 0, 0, 0, 0, 0, 0, NULL, NULL, '2026-05-31 04:37:21'),
  (467, 44, '编织袋', 0, 0, 0, 0, 0, 0, 0, 0, 0, 0, NULL, NULL, '2026-05-31 04:37:21'),
  (468, 44, '救生衣', 0, 0, 0, 0, 0, 0, 0, 0, 0, 0, NULL, NULL, '2026-05-31 04:37:21'),
  (469, 44, '铁锹', 0, 0, 0, 0, 0, 0, 0, 0, 0, 0, NULL, NULL, '2026-05-31 04:37:21'),
  (470, 44, '防寒棉衣', 0, 0, 0, 0, 0, 0, 0, 0, 0, 0, NULL, NULL, '2026-05-31 04:37:21'),
  (471, 44, '电缆轴', 0, 0, 0, 0, 0, 0, 0, 0, 0, 0, NULL, NULL, '2026-05-31 04:37:21'),
  (472, 44, '斗车', 0, 0, 0, 0, 0, 0, 0, 0, 0, 0, NULL, NULL, '2026-05-31 04:37:21'),
  (473, 44, '彩条布', 0, 0, 0, 0, 0, 0, 0, 0, 0, 0, NULL, NULL, '2026-05-31 04:37:21'),
  (474, 44, '十字镐', 0, 0, 0, 0, 0, 0, 0, 0, 0, 0, NULL, NULL, '2026-05-31 04:37:21'),
  (475, 44, '雨鞋', 0, 0, 0, 0, 0, 0, 0, 0, 0, 0, NULL, NULL, '2026-05-31 04:37:21'),
  (476, 44, '雨衣', 0, 0, 0, 0, 0, 0, 0, 0, 0, 0, NULL, NULL, '2026-05-31 04:37:21'),
  (477, 44, '塑料桶', 0, 0, 0, 0, 0, 0, 0, 0, 0, 0, NULL, NULL, '2026-05-31 04:37:21'),
  (478, 44, '应急水泵', 0, 0, 0, 0, 0, 0, 0, 0, 0, 0, NULL, NULL, '2026-05-31 04:37:21'),
  (479, 44, '丰田越野', 0, 0, 0, 0, 0, 0, 0, 0, 0, 0, NULL, NULL, '2026-05-31 04:37:21'),
  (480, 44, '防汛专用沙袋', 0, 0, 0, 0, 0, 0, 0, 0, 0, 0, NULL, NULL, '2026-05-31 04:37:21'),
  (481, 44, '救生圈', 0, 0, 0, 0, 0, 0, 0, 0, 0, 0, NULL, NULL, '2026-05-31 04:37:21'),
  (482, 44, '铁丝', 0, 0, 0, 0, 0, 0, 0, 0, 0, 0, NULL, NULL, '2026-05-31 04:37:21'),
  (483, 44, '警戒带', 0, 0, 0, 0, 0, 0, 0, 0, 0, 0, NULL, NULL, '2026-05-31 04:37:21'),
  (484, 44, '汽油式防汛应急水泵', 0, 0, 0, 0, 0, 0, 0, 0, 0, 0, NULL, NULL, '2026-05-31 04:37:21'),
  (485, 44, '防汛警示灯', 0, 0, 0, 0, 0, 0, 0, 0, 0, 0, NULL, NULL, '2026-05-31 04:37:21'),
  (486, 44, '尼龙绳', 0, 0, 0, 0, 0, 0, 0, 0, 0, 0, NULL, NULL, '2026-05-31 04:37:21'),
  (487, 44, '水带', 0, 0, 0, 0, 0, 0, 0, 0, 0, 0, NULL, NULL, '2026-05-31 04:37:21'),
  (488, 44, '二氧化碳灭火器', 0, 0, 0, 0, 0, 0, 0, 0, 0, 0, NULL, NULL, '2026-05-31 04:37:21'),
  (489, 44, '四合一气体检测仪', 0, 0, 0, 0, 0, 0, 0, 0, 0, 0, NULL, NULL, '2026-05-31 04:37:21'),
  (490, 44, '挖掘机(协议)', 0, 0, 0, 0, 0, 0, 0, 0, 0, 0, NULL, NULL, '2026-05-31 04:37:21'),
  (491, 44, '起重吊车(协议)', 0, 0, 0, 0, 0, 0, 0, 0, 0, 0, NULL, NULL, '2026-05-31 04:37:21'),
  (492, 44, '自卸车辆(协议)', 0, 0, 0, 0, 0, 0, 0, 0, 0, 0, NULL, NULL, '2026-05-31 04:37:21'),
  (493, 44, '装载机(协议)', 0, 0, 0, 0, 0, 0, 0, 0, 0, 0, NULL, NULL, '2026-05-31 04:37:21'),
  (494, 44, '块石(协议)', 0, 0, 0, 0, 0, 0, 0, 0, 0, 0, NULL, NULL, '2026-05-31 04:37:21'),
  (495, 44, '黄沙(协议)', 0, 0, 0, 0, 0, 0, 0, 0, 0, 0, NULL, NULL, '2026-05-31 04:37:21'),
  (496, 44, '铅丝网(协议)', 0, 0, 0, 0, 0, 0, 0, 0, 0, 0, NULL, NULL, '2026-05-31 04:37:21'),
  (497, 45, '行政责任人_县  级', 0, 0, 0, 0, 0, 0, 0, 0, 0, 0, NULL, NULL, '2026-05-31 04:37:21'),
  (498, 45, '杨鸿涛', 0, 0, 0, 0, 0, 0, 0, 0, 0, 0, NULL, NULL, '2026-05-31 04:37:21'),
  (499, 45, '梁容旗', 0, 0, 0, 0, 0, 0, 0, 0, 0, 0, NULL, NULL, '2026-05-31 04:37:21'),
  (500, 45, '李金学', 0, 0, 0, 0, 0, 0, 0, 0, 0, 0, NULL, NULL, '2026-05-31 04:37:21');

INSERT INTO villages (id, township_id, village_name, household_count, permanent_residents, temporary_staff, house_count, cave_count, farmland_area, forest_area, orchard_area, well_count, pump_count, longitude, latitude, created_at) VALUES
  (501, 45, '水库主管部门责任人_None', 0, 0, 0, 0, 0, 0, 0, 0, 0, 0, NULL, NULL, '2026-05-31 04:37:21'),
  (502, 45, '水库管理单位责任人_None', 0, 0, 0, 0, 0, 0, 0, 0, 0, 0, NULL, NULL, '2026-05-31 04:37:21'),
  (503, 45, '防汛办公室主任_None', 0, 0, 0, 0, 0, 0, 0, 0, 0, 0, NULL, NULL, '2026-05-31 04:37:21'),
  (504, 45, '技术责任人_None', 0, 0, 0, 0, 0, 0, 0, 0, 0, 0, NULL, NULL, '2026-05-31 04:37:21'),
  (505, 45, '应急抢险队队长_None', 0, 0, 0, 0, 0, 0, 0, 0, 0, 0, NULL, NULL, '2026-05-31 04:37:21'),
  (506, 45, '应急抢险队副队长_None', 0, 0, 0, 0, 0, 0, 0, 0, 0, 0, NULL, NULL, '2026-05-31 04:37:21'),
  (507, 45, '巡查责任人_None', 0, 0, 0, 0, 0, 0, 0, 0, 0, 0, NULL, NULL, '2026-05-31 04:37:21'),
  (508, 45, '巡查人_None', 0, 0, 0, 0, 0, 0, 0, 0, 0, 0, NULL, NULL, '2026-05-31 04:37:21'),
  (509, 45, '何  炜', 0, 0, 0, 0, 0, 0, 0, 0, 0, 0, NULL, NULL, '2026-05-31 04:37:21'),
  (510, 45, '林思文', 0, 0, 0, 0, 0, 0, 0, 0, 0, 0, NULL, NULL, '2026-05-31 04:37:21');

INSERT INTO evacuation_details (id, village_id, contact_name, contact_title, contact_phone, evacuation_location, evacuation_route, evacuation_method, evacuation_time_warning, evacuation_time_flood, vulnerable_groups, assistance_needed, required_materials, material_quantity, region, department, responsibility, discharge_range, flow_rate, resettlement_person, resettlement_phone, transfer_person, transfer_person_phone, remark, created_at, updated_at) VALUES
  (1, 1, NULL, NULL, '13137163782', '紫柏滩', '侯月铁路紫柏滩沁河站', NULL, NULL, NULL, NULL, NULL, NULL, NULL, NULL, NULL, NULL, NULL, NULL, NULL, NULL, NULL, NULL, NULL, '2026-05-31 04:31:08', '2026-05-31 04:31:08'),
  (2, 2, NULL, NULL, '18838062309', '紫柏滩', '侯月铁路紫柏滩沁河站', '放羊', NULL, NULL, NULL, NULL, NULL, NULL, NULL, NULL, NULL, NULL, NULL, NULL, NULL, NULL, NULL, NULL, '2026-05-31 04:31:08', '2026-05-31 04:31:08'),
  (3, 3, NULL, NULL, '13103892812', '和滩', '引渠干渠渠首管理处', NULL, NULL, NULL, NULL, NULL, NULL, NULL, NULL, NULL, NULL, NULL, NULL, NULL, NULL, NULL, NULL, NULL, '2026-05-31 04:31:08', '2026-05-31 04:31:08'),
  (4, 4, NULL, NULL, '13027580018', '渠首', '引渠干渠渠首管理处', '放羊', NULL, NULL, NULL, NULL, NULL, NULL, NULL, NULL, NULL, NULL, NULL, NULL, NULL, NULL, NULL, NULL, '2026-05-31 04:31:08', '2026-05-31 04:31:08'),
  (5, 5, NULL, NULL, '13303899290', '渠首', '引渠干渠渠首管理处', NULL, NULL, NULL, NULL, NULL, NULL, NULL, NULL, NULL, NULL, NULL, NULL, NULL, NULL, NULL, NULL, NULL, '2026-05-31 04:31:08', '2026-05-31 04:31:08'),
  (6, 6, NULL, NULL, '159S199068', '渠首', '引渠干渠渠首管理处', '放羊', NULL, NULL, NULL, NULL, NULL, NULL, NULL, NULL, NULL, NULL, NULL, NULL, NULL, NULL, NULL, NULL, '2026-05-31 04:31:08', '2026-05-31 04:31:08'),
  (7, 7, NULL, NULL, '13273906763', '渠首', '引渠干渠渠首管理处', NULL, NULL, NULL, NULL, NULL, NULL, NULL, NULL, NULL, NULL, NULL, NULL, NULL, NULL, NULL, NULL, NULL, '2026-05-31 04:31:08', '2026-05-31 04:31:08'),
  (8, 8, NULL, NULL, '15517750216', '大坡', '熊山引沁干渠原指挥部', '放羊', NULL, NULL, NULL, NULL, NULL, NULL, NULL, NULL, NULL, NULL, NULL, NULL, NULL, NULL, NULL, NULL, '2026-05-31 04:31:08', '2026-05-31 04:31:08'),
  (9, 9, NULL, NULL, '15565629961', '南梢', '熊山引沁干渠原指挥部', NULL, NULL, NULL, NULL, NULL, NULL, NULL, NULL, NULL, NULL, NULL, NULL, NULL, NULL, NULL, NULL, NULL, '2026-05-31 04:31:08', '2026-05-31 04:31:08'),
  (10, 10, NULL, NULL, '15670970167', '东滩', '熊山引沁干渠原指挥部', '放羊', NULL, NULL, NULL, NULL, NULL, NULL, NULL, NULL, NULL, NULL, NULL, NULL, NULL, NULL, NULL, NULL, '2026-05-31 04:31:08', '2026-05-31 04:31:08'),
  (11, 11, NULL, NULL, '13253869641', '东滩', '熊山引沁干渠原指挥部', '放羊', NULL, NULL, NULL, NULL, NULL, NULL, NULL, NULL, NULL, NULL, NULL, NULL, NULL, NULL, NULL, NULL, '2026-05-31 04:31:08', '2026-05-31 04:31:08'),
  (12, 12, NULL, NULL, '152~708236', '东滩', '熊山引沁干渠原指挥部', NULL, NULL, NULL, NULL, NULL, NULL, NULL, NULL, NULL, NULL, NULL, NULL, NULL, NULL, NULL, NULL, NULL, '2026-05-31 04:31:08', '2026-05-31 04:31:08'),
  (13, 13, NULL, NULL, '15670821595', '圪了滩', '圪了滩搬迁预留房', '放羊', NULL, NULL, NULL, NULL, NULL, NULL, NULL, NULL, NULL, NULL, NULL, NULL, NULL, NULL, NULL, NULL, '2026-05-31 04:31:08', '2026-05-31 04:31:08'),
  (14, 14, NULL, NULL, '15839108380', '古构', '圪了滩搬迁预留房', NULL, NULL, NULL, NULL, NULL, NULL, NULL, NULL, NULL, NULL, NULL, NULL, NULL, NULL, NULL, NULL, NULL, '2026-05-31 04:31:08', '2026-05-31 04:31:08'),
  (15, 15, NULL, NULL, '16639799332', '河东', '圪了滩搬迁预留房', '放羊', NULL, NULL, NULL, NULL, NULL, NULL, NULL, NULL, NULL, NULL, NULL, NULL, NULL, NULL, NULL, NULL, '2026-05-31 04:31:08', '2026-05-31 04:31:08'),
  (16, 16, NULL, NULL, '18003890289', '李庄', '圪了滩搬迁预留房', NULL, NULL, NULL, NULL, NULL, NULL, NULL, NULL, NULL, NULL, NULL, NULL, NULL, NULL, NULL, NULL, NULL, '2026-05-31 04:31:08', '2026-05-31 04:31:08'),
  (17, 17, '侯波', '指挥长', '0391-6633199', NULL, NULL, NULL, NULL, NULL, NULL, NULL, NULL, NULL, NULL, '济源示范区', '负责防汛抢险的全面指挥，对河口村水库工程防汛工作负总责，统一组织指挥防汛和抢险工作。情况紧急时宣布进入紧急防汛状态，召集指挥部工作会议，对重大问题进行决策，宣布启动或结束《河南省河口村水库 2022 年防汛抢险应急预案》中 Ⅰ 级和 Ⅱ 级应急响应。服从上级防指指挥，执行上级调度指令。', NULL, NULL, NULL, NULL, NULL, NULL, NULL, '2026-05-31 04:31:08', '2026-05-31 04:31:08'),
  (18, 18, '李永江', '常务副指挥长', '18239056668', NULL, NULL, NULL, NULL, NULL, NULL, NULL, NULL, NULL, NULL, '河口村水库管理局', '1. 协助指挥长开展工作。
2. 负责水库防汛指挥部日常工作，向指挥长及济源示范区防指报告工程度汛工作情况。
3. 适时建议召开防汛会商会议，处理有关防汛工作事宜。
4. 宣布启动或结束《河南省河口村水库 2022 年防汛抢险应急预案》中 Ⅲ 级和 Ⅳ 级应急响应。
5. 负责组织制定防汛抢险预案和重大险情抢护方案。
6. 负责组织实施防汛抢险工作。
7. 负责组织实施上级防指调度指令。', NULL, NULL, NULL, NULL, NULL, NULL, NULL, '2026-05-31 04:31:08', '2026-05-31 04:31:08'),
  (19, 19, '杨华冰', '副指挥长', '15503719886', NULL, NULL, NULL, NULL, NULL, NULL, NULL, NULL, NULL, NULL, '济源市人民武装部', '1. 负责组织、协调防汛抢险队伍。
2. 负责勘察地形，制定现场抢险预案，并进行实战预演。
3. 发生险情时，做好军民联防工作，按照指挥部命令组织抢险队伍抗洪抢险。', NULL, NULL, NULL, NULL, NULL, NULL, NULL, '2026-05-31 04:31:08', '2026-05-31 04:31:08'),
  (20, 20, '杨涛', '副指挥长', '13838900918', NULL, NULL, NULL, NULL, NULL, NULL, NULL, NULL, NULL, NULL, '济源示范区', '1. 协助指挥长开展工作。
2. 负责协调河口村水库与济源示范区防汛方面的工作事宜。
3. 负责河口村水库防指指挥长、副指挥长和指挥部成员的联络。', NULL, NULL, NULL, NULL, NULL, NULL, NULL, '2026-05-31 04:31:08', '2026-05-31 04:31:08'),
  (21, 21, '杨晨临', '副指挥长', '13598511063', NULL, NULL, NULL, NULL, NULL, NULL, NULL, NULL, NULL, NULL, '焦作市应急管理局', '1. 协助指挥长开展工作。
2. 负责协调河口村水库与焦作市防汛方面的工作事宜。
3. 负责组织编制焦作境内水库泄洪期间淹没范围内人员转移撤离预案和组织实施工作。', NULL, NULL, NULL, NULL, NULL, NULL, NULL, '2026-05-31 04:31:08', '2026-05-31 04:31:08'),
  (22, 22, '王福埂', '副指挥长', '13838913093', NULL, NULL, NULL, NULL, NULL, NULL, NULL, NULL, NULL, NULL, '济源示范区应急管理局', '1. 协助指挥长开展工作。
2. 定期对河口村水库防汛工作开展情况进行检查指导。
3. 负责组织协调水库发生重大险情时应急抢险和救援工作，协调组织抢险救援队伍，调运抢险救援物资，转移安置受洪水威胁人员，救援被围困人员。', NULL, NULL, NULL, NULL, NULL, NULL, NULL, '2026-05-31 04:31:08', '2026-05-31 04:31:08'),
  (23, 23, '尚安峰', '副指挥长', '13503913320', NULL, NULL, NULL, NULL, NULL, NULL, NULL, NULL, NULL, NULL, '焦作市水利局', '1. 协助指挥长开展工作。
2. 负责协调河口村水库与焦作市有关方面的防汛工作事宜。
3. 指导水库开展防汛工作，为水库防御洪水应急抢险提供技术支撑工作。', NULL, NULL, NULL, NULL, NULL, NULL, NULL, '2026-05-31 04:31:08', '2026-05-31 04:31:08'),
  (24, 24, '赵中兴', '副指挥长', '13838943336', NULL, NULL, NULL, NULL, NULL, NULL, NULL, NULL, NULL, NULL, '济源示范区水利局', '1. 协助指挥长开展工作。
2. 指导水库开展防汛工作，为水库防御洪水应急抢险提供技术支撑工作。', NULL, NULL, NULL, NULL, NULL, NULL, NULL, '2026-05-31 04:31:08', '2026-05-31 04:31:08'),
  (25, 25, '曹金刚', '副指挥长', '19803903366', NULL, NULL, NULL, NULL, NULL, NULL, NULL, NULL, NULL, NULL, '济源黄河河务局', '1. 负责提供沁河水情、洪水预报和调度信息。
2. 指导水库开展防汛工作，为水库防御洪水应急抢险提供技术支撑工作。', NULL, NULL, NULL, NULL, NULL, NULL, NULL, '2026-05-31 04:31:08', '2026-05-31 04:31:08'),
  (26, 26, '王剑峰', '副指挥长', '13839105016', NULL, NULL, NULL, NULL, NULL, NULL, NULL, NULL, NULL, NULL, '焦作黄河河务局', '1. 负责提供沁河水情、洪水预报和调度信息。
2. 指导水库开展防汛工作，为水库防御洪水应急抢险提供技术支撑工作。', NULL, NULL, NULL, NULL, NULL, NULL, NULL, '2026-05-31 04:31:08', '2026-05-31 04:31:08'),
  (27, 27, '祝远峰', '副指挥长', '15903919799', NULL, NULL, NULL, NULL, NULL, NULL, NULL, NULL, NULL, NULL, '焦作市引沁灌区管理局', '1. 负责做好引沁灌区和河口村水库方面防汛及抢险调度方面有关协调工作。
2. 负责组织编制引沁电站人员应急转移预案和水库高水位运行引沁灌渠工程安全应急预案。', NULL, NULL, NULL, NULL, NULL, NULL, NULL, '2026-05-31 04:31:08', '2026-05-31 04:31:08'),
  (28, 28, '巩文军', '副指挥长', '13598520765', NULL, NULL, NULL, NULL, NULL, NULL, NULL, NULL, NULL, NULL, '焦作市广利灌区管理局', '1. 负责做好广利灌区和河口村水库方面防汛及抢险调度方面有关协调工作。
2. 负责制定广利灌区的防汛安全和人员应急转移预案和组织实施工作。', NULL, NULL, NULL, NULL, NULL, NULL, NULL, '2026-05-31 04:31:08', '2026-05-31 04:31:08'),
  (29, 29, '徐明立', '成员', '18839216232', NULL, NULL, NULL, NULL, NULL, NULL, NULL, NULL, NULL, NULL, '济源水文水资源勘测局', '1. 负责收集河口村水库流域内雨水情信息。
2. 负责流域内水情分析和预测，及时提供洪水信息和洪水预报，为防指科学决策提供依据。', NULL, NULL, NULL, NULL, NULL, NULL, NULL, '2026-05-31 04:31:08', '2026-05-31 04:31:08'),
  (30, 30, '刘雷波', '成员', '13838920843', NULL, NULL, NULL, NULL, NULL, NULL, NULL, NULL, NULL, NULL, '济源示范区应急管理局', '1. 指导河口村水库防汛抢险应急预案的编制和负责预案审批。
2. 负责组织《河南省河口村水库 2022 年防汛抢险应急预案》中涉及济源市辖区内人员和财产撤离预案的编制和实施工作。', NULL, NULL, NULL, NULL, NULL, NULL, NULL, '2026-05-31 04:31:08', '2026-05-31 04:31:08'),
  (31, 31, '李新建', '成员', '18839002829', NULL, NULL, NULL, NULL, NULL, NULL, NULL, NULL, NULL, NULL, '济源示范区水利局', '1. 定期到水库进行检查指导防汛工作。
2. 水库发生险情时，提供险情处置和应急抢险的技术支撑工作。', NULL, NULL, NULL, NULL, NULL, NULL, NULL, '2026-05-31 04:31:08', '2026-05-31 04:31:08'),
  (32, 32, '胡玉梅', '成员', '18839023366', NULL, NULL, NULL, NULL, NULL, NULL, NULL, NULL, NULL, NULL, '济源市气象局', '负责河口村水库流域长期、中期和短期天气预报，及时提供气象预警和气象信息。', NULL, NULL, NULL, NULL, NULL, NULL, NULL, '2026-05-31 04:31:08', '2026-05-31 04:31:08'),
  (33, 33, '程杰', '成员', '13938175883', NULL, NULL, NULL, NULL, NULL, NULL, NULL, NULL, NULL, NULL, '济源供电公司', '1. 负责水库电力设施安全运行工作。
2. 保证水库电力供应，做好汛期电力保障工作。
3. 电力线路出现故障，组织人员立即抢修，特殊情况下电力保障应对工作。', NULL, NULL, NULL, NULL, NULL, NULL, NULL, '2026-05-31 04:31:08', '2026-05-31 04:31:08'),
  (34, 34, '宁伟峰', '成员', '16603890081', NULL, NULL, NULL, NULL, NULL, NULL, NULL, NULL, NULL, NULL, '中国联通济源分公司', '1. 确保汛期防汛通信线路畅通。
2. 在通信设施受到损坏时，组织人员立即抢修，同时及时提供临时通讯、联络设备。', NULL, NULL, NULL, NULL, NULL, NULL, NULL, '2026-05-31 04:31:08', '2026-05-31 04:31:08'),
  (35, 35, '方源利', '成员', '13838949388', NULL, NULL, NULL, NULL, NULL, NULL, NULL, NULL, NULL, NULL, '中国石化济源分公司', '1. 确保河口村水库防汛油料保障供给。
2. 在发生汛情灾害时，做好非常情况下油料保障应对工作。', NULL, NULL, NULL, NULL, NULL, NULL, NULL, '2026-05-31 04:31:08', '2026-05-31 04:31:08'),
  (36, 36, '王加强', '成员', '18638908085', NULL, NULL, NULL, NULL, NULL, NULL, NULL, NULL, NULL, NULL, '济源市克井镇人民政府', '1. 负责克井镇与水库有关的防汛安全工作。
2. 负责水库库区人员财产撤离及管辖范围内影响水库防洪违章建筑的清除工作。
3. 负责水库泄洪、发生险情溃坝和高水位运行时，管辖河道和淹没范围（包含库区）人员、财产转移撤离工作。
4. 组织 20 人防汛抢险队伍；严防塌方、滑坡和泥石流等灾害的发生，确保工程管理区周边群众人身和财产安全。', NULL, NULL, NULL, NULL, NULL, NULL, NULL, '2026-05-31 04:31:08', '2026-05-31 04:31:08'),
  (37, 37, '王道亮', '成员', '16639799633', NULL, NULL, NULL, NULL, NULL, NULL, NULL, NULL, NULL, NULL, '济源市五龙口镇人民政府', '1. 负责五龙口镇与水库有关的防汛安全工作。
2. 负责管辖范围内影响水库防洪违章建筑的清除工作。
3. 负责水库泄洪或发生险情溃坝时管辖河道和淹没范围人员、财产转移撤离工作。
4. 组织 20 人防汛抢险队伍；严防塌方、滑坡和泥石流等灾害的发生，确保工程管理区周边群众人身和财产安全。', NULL, NULL, NULL, NULL, NULL, NULL, NULL, '2026-05-31 04:31:08', '2026-05-31 04:31:08'),
  (38, 38, '洪灯光', '成员', '13938189007', NULL, NULL, NULL, NULL, NULL, NULL, NULL, NULL, NULL, NULL, '焦作市应急管理局', '1. 协助副指挥长开展河口村水库与焦作市有关方面的防汛联络工作。
2. 协助副指挥长组织《河南省河口村水库 2022 年防汛抢险应急预案》中涉及焦作市辖区内人员撤离预案的编制和组织实施工作。', NULL, NULL, NULL, NULL, NULL, NULL, NULL, '2026-05-31 04:31:08', '2026-05-31 04:31:08'),
  (39, 39, '廉前进', '成员', '18239053688', NULL, NULL, NULL, NULL, NULL, NULL, NULL, NULL, NULL, NULL, '焦作市引沁灌区管理局', '1. 负责引沁渠洪水优化调度。
2. 负责编制水库高水位运行引沁灌渠工程安全应急预案并组织实施。', NULL, NULL, NULL, NULL, NULL, NULL, NULL, '2026-05-31 04:31:08', '2026-05-31 04:31:08'),
  (40, 40, '赵向红', '成员', '13603897218', NULL, NULL, NULL, NULL, NULL, NULL, NULL, NULL, NULL, NULL, '河南引沁水电有限公司', '1. 负责河口电站泄水调度，做好与河口村水库方面有关协调工作。
2. 负责引沁河口电站和河口村水库电站防汛安全，编制人员应急转移预案并组织实施。', NULL, NULL, NULL, NULL, NULL, NULL, NULL, '2026-05-31 04:31:08', '2026-05-31 04:31:08'),
  (41, 41, '李成林', '成员', '13693757136', NULL, NULL, NULL, NULL, NULL, NULL, NULL, NULL, NULL, NULL, '河南省河口村水库管理局', '负责防汛抢险的各项后勤保障工作；负责水库定额范围内防汛物资储备和调运。', NULL, NULL, NULL, NULL, NULL, NULL, NULL, '2026-05-31 04:31:08', '2026-05-31 04:31:08'),
  (42, 42, '解枫赞', '成员', '18839016787', NULL, NULL, NULL, NULL, NULL, NULL, NULL, NULL, NULL, NULL, '河南省河口村水库管理局', '负责水库防指日常工作；负责与应急局、水利局、河务局、水文水资源局等部门防汛业务联络。', NULL, NULL, NULL, NULL, NULL, NULL, NULL, '2026-05-31 04:31:08', '2026-05-31 04:31:08'),
  (43, 43, '田有福', '成员', '18239058668', NULL, NULL, NULL, NULL, NULL, NULL, NULL, NULL, NULL, NULL, '河南省河口村水库管理局', '负责防汛工作的思想教育、组织纪律、宣传动员；负责防汛工作的宣传报道。', NULL, NULL, NULL, NULL, NULL, NULL, NULL, '2026-05-31 04:31:08', '2026-05-31 04:31:08'),
  (44, 44, '建剑波', '成员', '18239059900', NULL, NULL, NULL, NULL, NULL, NULL, NULL, NULL, NULL, NULL, '河南省河口村水库管理局', '1. 负责落实雨情、水情、工情信息的收集和传递，负责组织洪水监测和预报。
2. 负责水库汛期调度运用计划、防汛抢险应急预案和险情抢护方案的编制。', NULL, NULL, NULL, NULL, NULL, NULL, NULL, '2026-05-31 04:31:08', '2026-05-31 04:31:08'),
  (45, 45, '李永江', '局长', '18239056668', NULL, NULL, NULL, NULL, NULL, NULL, NULL, NULL, NULL, NULL, NULL, NULL, NULL, NULL, NULL, NULL, NULL, NULL, NULL, '2026-05-31 04:31:08', '2026-05-31 04:31:08'),
  (46, 46, '李成林', '副局长', '13693757236', NULL, NULL, NULL, NULL, NULL, NULL, NULL, NULL, NULL, NULL, NULL, NULL, NULL, NULL, NULL, NULL, NULL, NULL, NULL, '2026-05-31 04:31:08', '2026-05-31 04:31:08'),
  (47, 47, '解枫赞', '副局长', '18839016787', NULL, NULL, NULL, NULL, NULL, NULL, NULL, NULL, NULL, NULL, NULL, NULL, NULL, NULL, NULL, NULL, NULL, NULL, NULL, '2026-05-31 04:31:08', '2026-05-31 04:31:08'),
  (48, 48, '田有福', '副局长', '18239058668', NULL, NULL, NULL, NULL, NULL, NULL, NULL, NULL, NULL, NULL, NULL, NULL, NULL, NULL, NULL, NULL, NULL, NULL, NULL, '2026-05-31 04:31:08', '2026-05-31 04:31:08'),
  (49, 49, '建剑波', '总工、水库处主任', '18239059900', NULL, NULL, NULL, NULL, NULL, NULL, NULL, NULL, NULL, NULL, NULL, NULL, NULL, NULL, NULL, NULL, NULL, NULL, NULL, '2026-05-31 04:31:08', '2026-05-31 04:31:08'),
  (50, 50, '吴东福', '总经济师、科长', '13939966535', NULL, NULL, NULL, NULL, NULL, NULL, NULL, NULL, NULL, NULL, NULL, NULL, NULL, NULL, NULL, NULL, NULL, NULL, NULL, '2026-05-31 04:31:08', '2026-05-31 04:31:08');

INSERT INTO evacuation_details (id, village_id, contact_name, contact_title, contact_phone, evacuation_location, evacuation_route, evacuation_method, evacuation_time_warning, evacuation_time_flood, vulnerable_groups, assistance_needed, required_materials, material_quantity, region, department, responsibility, discharge_range, flow_rate, resettlement_person, resettlement_phone, transfer_person, transfer_person_phone, remark, created_at, updated_at) VALUES
  (51, 51, '张玉霞', '科长', '18239051588', NULL, NULL, NULL, NULL, NULL, NULL, NULL, NULL, NULL, NULL, NULL, NULL, NULL, NULL, NULL, NULL, NULL, NULL, NULL, '2026-05-31 04:31:08', '2026-05-31 04:31:08'),
  (52, 52, '易 益', '纪检', '18638606663', NULL, NULL, NULL, NULL, NULL, NULL, NULL, NULL, NULL, NULL, NULL, NULL, NULL, NULL, NULL, NULL, NULL, NULL, NULL, '2026-05-31 04:31:08', '2026-05-31 04:31:08'),
  (53, 53, '尹聪科', '办公室负责人', '18239052017', NULL, NULL, NULL, NULL, NULL, NULL, NULL, NULL, NULL, NULL, NULL, NULL, NULL, NULL, NULL, NULL, NULL, NULL, NULL, '2026-05-31 04:31:08', '2026-05-31 04:31:08'),
  (54, 54, '孙志伟', '副科长', '18239051369', NULL, NULL, NULL, NULL, NULL, NULL, NULL, NULL, NULL, NULL, NULL, NULL, NULL, NULL, NULL, NULL, NULL, NULL, NULL, '2026-05-31 04:31:08', '2026-05-31 04:31:08'),
  (55, 55, '王 彤', '水政支队队长', '15093706433', NULL, NULL, NULL, NULL, NULL, NULL, NULL, NULL, NULL, NULL, NULL, NULL, NULL, NULL, NULL, NULL, NULL, NULL, NULL, '2026-05-31 04:31:08', '2026-05-31 04:31:08'),
  (56, 56, '张 航', '副科长', '13633840653', NULL, NULL, NULL, NULL, NULL, NULL, NULL, NULL, NULL, NULL, NULL, NULL, NULL, NULL, NULL, NULL, NULL, NULL, NULL, '2026-05-31 04:31:08', '2026-05-31 04:31:08'),
  (57, 57, '张 华', '办公室副主任', '15039186365', NULL, NULL, NULL, NULL, NULL, NULL, NULL, NULL, NULL, NULL, NULL, NULL, NULL, NULL, NULL, NULL, NULL, NULL, NULL, '2026-05-31 04:31:08', '2026-05-31 04:31:08'),
  (58, 58, '卢金阁', '水库处负责人', '18239053777', NULL, NULL, NULL, NULL, NULL, NULL, NULL, NULL, NULL, NULL, NULL, NULL, NULL, NULL, NULL, NULL, NULL, NULL, NULL, '2026-05-31 04:31:08', '2026-05-31 04:31:08'),
  (59, 59, '张亚铭', NULL, '18639192121', NULL, NULL, NULL, NULL, NULL, NULL, NULL, NULL, NULL, NULL, NULL, NULL, NULL, NULL, NULL, NULL, NULL, NULL, NULL, '2026-05-31 04:31:08', '2026-05-31 04:31:08'),
  (60, 60, '赵文博', NULL, '18603865136', NULL, NULL, NULL, NULL, NULL, NULL, NULL, NULL, NULL, NULL, NULL, NULL, NULL, NULL, NULL, NULL, NULL, NULL, NULL, '2026-05-31 04:31:08', '2026-05-31 04:31:08'),
  (61, 61, '闫二磊', NULL, '15239772883', NULL, NULL, NULL, NULL, NULL, NULL, NULL, NULL, NULL, NULL, NULL, NULL, NULL, NULL, NULL, NULL, NULL, NULL, NULL, '2026-05-31 04:31:08', '2026-05-31 04:31:08'),
  (62, 62, '郭友兵', NULL, '13592085218', NULL, NULL, NULL, NULL, NULL, NULL, NULL, NULL, NULL, NULL, NULL, NULL, NULL, NULL, NULL, NULL, NULL, NULL, NULL, '2026-05-31 04:31:08', '2026-05-31 04:31:08'),
  (63, 63, '赵文利', NULL, '13643806436', NULL, NULL, NULL, NULL, NULL, NULL, NULL, NULL, NULL, NULL, NULL, NULL, NULL, NULL, NULL, NULL, NULL, NULL, NULL, '2026-05-31 04:31:08', '2026-05-31 04:31:08'),
  (64, 64, '刘 莉', NULL, '18737631056', NULL, NULL, NULL, NULL, NULL, NULL, NULL, NULL, NULL, NULL, NULL, NULL, NULL, NULL, NULL, NULL, NULL, NULL, NULL, '2026-05-31 04:31:08', '2026-05-31 04:31:08'),
  (65, 65, '马 军', NULL, '13503768162', NULL, NULL, NULL, NULL, NULL, NULL, NULL, NULL, NULL, NULL, NULL, NULL, NULL, NULL, NULL, NULL, NULL, NULL, NULL, '2026-05-31 04:31:08', '2026-05-31 04:31:08'),
  (66, 66, '林清福', NULL, '18239051666', NULL, NULL, NULL, NULL, NULL, NULL, NULL, NULL, NULL, NULL, NULL, NULL, NULL, NULL, NULL, NULL, NULL, NULL, NULL, '2026-05-31 04:31:08', '2026-05-31 04:31:08'),
  (67, 67, '李家豪', NULL, '15039176669', NULL, NULL, NULL, NULL, NULL, NULL, NULL, NULL, NULL, NULL, NULL, NULL, NULL, NULL, NULL, NULL, NULL, NULL, NULL, '2026-05-31 04:31:08', '2026-05-31 04:31:08'),
  (68, 68, '袁晨樵', NULL, '18839103613', NULL, NULL, NULL, NULL, NULL, NULL, NULL, NULL, NULL, NULL, NULL, NULL, NULL, NULL, NULL, NULL, NULL, NULL, NULL, '2026-05-31 04:31:08', '2026-05-31 04:31:08'),
  (69, 69, '任 杰', NULL, '17863968471', NULL, NULL, NULL, NULL, NULL, NULL, NULL, NULL, NULL, NULL, NULL, NULL, NULL, NULL, NULL, NULL, NULL, NULL, NULL, '2026-05-31 04:31:08', '2026-05-31 04:31:08'),
  (70, 70, '杨源行', NULL, '15660105899', NULL, NULL, NULL, NULL, NULL, NULL, NULL, NULL, NULL, NULL, NULL, NULL, NULL, NULL, NULL, NULL, NULL, NULL, NULL, '2026-05-31 04:31:08', '2026-05-31 04:31:08'),
  (71, 71, '张小青', NULL, '15670918779', NULL, NULL, NULL, NULL, NULL, NULL, NULL, NULL, NULL, NULL, NULL, NULL, NULL, NULL, NULL, NULL, NULL, NULL, NULL, '2026-05-31 04:31:08', '2026-05-31 04:31:08'),
  (72, 72, '王 晓', NULL, '15138807109', NULL, NULL, NULL, NULL, NULL, NULL, NULL, NULL, NULL, NULL, NULL, NULL, NULL, NULL, NULL, NULL, NULL, NULL, NULL, '2026-05-31 04:31:08', '2026-05-31 04:31:08'),
  (73, 73, '朱渊博', NULL, '13803742357', NULL, NULL, NULL, NULL, NULL, NULL, NULL, NULL, NULL, NULL, NULL, NULL, NULL, NULL, NULL, NULL, NULL, NULL, NULL, '2026-05-31 04:31:08', '2026-05-31 04:31:08'),
  (74, 74, '何欣威', NULL, '15535960336', NULL, NULL, NULL, NULL, NULL, NULL, NULL, NULL, NULL, NULL, NULL, NULL, NULL, NULL, NULL, NULL, NULL, NULL, NULL, '2026-05-31 04:31:08', '2026-05-31 04:31:08'),
  (75, 75, NULL, NULL, '2400', NULL, NULL, NULL, NULL, NULL, NULL, NULL, NULL, NULL, NULL, '立方米', NULL, NULL, NULL, NULL, NULL, NULL, NULL, NULL, '2026-05-31 04:31:08', '2026-05-31 04:31:08'),
  (76, 76, NULL, NULL, '2160', NULL, NULL, NULL, NULL, NULL, NULL, NULL, NULL, NULL, NULL, '立方米', NULL, NULL, NULL, NULL, NULL, NULL, NULL, NULL, '2026-05-31 04:31:08', '2026-05-31 04:31:08'),
  (77, 77, NULL, NULL, '5000', NULL, NULL, NULL, NULL, NULL, NULL, NULL, NULL, NULL, NULL, 'kg', NULL, NULL, NULL, NULL, NULL, NULL, NULL, NULL, '2026-05-31 04:31:08', '2026-05-31 04:31:08'),
  (78, 78, NULL, NULL, '21000', NULL, NULL, NULL, NULL, NULL, NULL, NULL, NULL, NULL, NULL, '条', NULL, NULL, NULL, NULL, NULL, NULL, NULL, NULL, '2026-05-31 04:31:08', '2026-05-31 04:31:08'),
  (79, 79, NULL, NULL, '270', NULL, NULL, NULL, NULL, NULL, NULL, NULL, NULL, NULL, NULL, '件（只）', NULL, NULL, NULL, NULL, NULL, NULL, NULL, NULL, '2026-05-31 04:31:08', '2026-05-31 04:31:08'),
  (80, 80, NULL, NULL, '2', NULL, NULL, NULL, NULL, NULL, NULL, NULL, NULL, NULL, NULL, '艘', NULL, NULL, NULL, NULL, NULL, NULL, NULL, NULL, '2026-05-31 04:31:08', '2026-05-31 04:31:08'),
  (81, 81, NULL, NULL, '6（37kw）', NULL, NULL, NULL, NULL, NULL, NULL, NULL, NULL, NULL, NULL, '台（kw）', NULL, NULL, NULL, NULL, NULL, NULL, NULL, NULL, '2026-05-31 04:31:08', '2026-05-31 04:31:08'),
  (82, 82, NULL, NULL, '2', NULL, NULL, NULL, NULL, NULL, NULL, NULL, NULL, NULL, NULL, '只', NULL, NULL, NULL, NULL, NULL, NULL, NULL, NULL, '2026-05-31 04:31:08', '2026-05-31 04:31:08'),
  (83, 83, NULL, NULL, '4', NULL, NULL, NULL, NULL, NULL, NULL, NULL, NULL, NULL, NULL, '只', NULL, NULL, NULL, NULL, NULL, NULL, NULL, NULL, '2026-05-31 04:31:08', '2026-05-31 04:31:08'),
  (84, 84, NULL, NULL, '17', NULL, NULL, NULL, NULL, NULL, NULL, NULL, NULL, NULL, NULL, '台', NULL, NULL, NULL, NULL, NULL, NULL, NULL, NULL, '2026-05-31 04:31:08', '2026-05-31 04:31:08'),
  (85, 85, NULL, NULL, '500', NULL, NULL, NULL, NULL, NULL, NULL, NULL, NULL, NULL, NULL, '米', NULL, NULL, NULL, NULL, NULL, NULL, NULL, NULL, '2026-05-31 04:31:08', '2026-05-31 04:31:08'),
  (86, 86, NULL, NULL, '100', NULL, NULL, NULL, NULL, NULL, NULL, NULL, NULL, NULL, NULL, '件', NULL, NULL, NULL, NULL, NULL, NULL, NULL, NULL, '2026-05-31 04:31:08', '2026-05-31 04:31:08'),
  (87, 87, NULL, NULL, '50', NULL, NULL, NULL, NULL, NULL, NULL, NULL, NULL, NULL, NULL, '双', NULL, NULL, NULL, NULL, NULL, NULL, NULL, NULL, '2026-05-31 04:31:08', '2026-05-31 04:31:08'),
  (88, 88, NULL, NULL, '50', NULL, NULL, NULL, NULL, NULL, NULL, NULL, NULL, NULL, NULL, '把', NULL, NULL, NULL, NULL, NULL, NULL, NULL, NULL, '2026-05-31 04:31:08', '2026-05-31 04:31:08'),
  (89, 89, NULL, '0391-6719564', '0391-6719507', NULL, NULL, NULL, NULL, NULL, NULL, NULL, NULL, NULL, NULL, '管理局防汛值班室', NULL, NULL, NULL, NULL, NULL, NULL, NULL, '卫星电话: 17497028981/17497028982', '2026-05-31 04:31:08', '2026-05-31 04:31:08'),
  (90, 90, NULL, NULL, '0391-6269507', NULL, NULL, NULL, NULL, NULL, NULL, NULL, NULL, NULL, NULL, NULL, NULL, NULL, NULL, NULL, NULL, NULL, NULL, NULL, '2026-05-31 04:31:08', '2026-05-31 04:31:08'),
  (91, 91, NULL, NULL, '15138993478', NULL, NULL, NULL, NULL, NULL, NULL, NULL, NULL, NULL, NULL, '管理局水情值班室', NULL, NULL, NULL, NULL, NULL, NULL, NULL, NULL, '2026-05-31 04:31:08', '2026-05-31 04:31:08'),
  (92, 92, NULL, '0391-6719510', '0391-6719500', NULL, NULL, NULL, NULL, NULL, NULL, NULL, NULL, NULL, NULL, '管理局办公室', NULL, NULL, NULL, NULL, NULL, NULL, NULL, NULL, '2026-05-31 04:31:08', '2026-05-31 04:31:08'),
  (93, 93, NULL, '0371-65919793;0371-65919800', '0371-65919792;0371-65919119', NULL, NULL, NULL, NULL, NULL, NULL, NULL, NULL, NULL, NULL, '河南省防办', NULL, NULL, NULL, NULL, NULL, NULL, NULL, '应急指挥中心 0371-65919777', '2026-05-31 04:31:08', '2026-05-31 04:31:08'),
  (94, 94, NULL, '0371-65930820;0371-65930830', '0371-65571045;0371-65571041;0371-65952315', NULL, NULL, NULL, NULL, NULL, NULL, NULL, NULL, NULL, NULL, '河南省水利厅', NULL, NULL, NULL, NULL, NULL, NULL, NULL, NULL, '2026-05-31 04:31:08', '2026-05-31 04:31:08'),
  (95, 95, NULL, '0371-66022577', '0371-66022303;0371-66022304', NULL, NULL, NULL, NULL, NULL, NULL, NULL, NULL, NULL, NULL, '黄委会防总办', NULL, NULL, NULL, NULL, NULL, NULL, NULL, NULL, '2026-05-31 04:31:08', '2026-05-31 04:31:08'),
  (96, 96, NULL, '0371-66028443', '0371-66022312', NULL, NULL, NULL, NULL, NULL, NULL, NULL, NULL, NULL, NULL, '黄委会防御局', NULL, NULL, NULL, NULL, NULL, NULL, NULL, NULL, '2026-05-31 04:31:08', '2026-05-31 04:31:08'),
  (97, 97, NULL, NULL, '0371-66025510;刘：18595517169;董：13592515113', NULL, NULL, NULL, NULL, NULL, NULL, NULL, NULL, NULL, NULL, '黄委河南水文局', NULL, NULL, NULL, NULL, NULL, NULL, NULL, '山里泉水情 IP: 10.41.1.18/hyits', '2026-05-31 04:31:08', '2026-05-31 04:31:08'),
  (98, 98, NULL, NULL, '17639137271', NULL, NULL, NULL, NULL, NULL, NULL, NULL, NULL, NULL, NULL, '山里泉水文站', NULL, NULL, NULL, NULL, NULL, NULL, NULL, '宝拥军 15670971206', '2026-05-31 04:31:08', '2026-05-31 04:31:08'),
  (99, 99, NULL, '0371-69552379', '0371-69552154', NULL, NULL, NULL, NULL, NULL, NULL, NULL, NULL, NULL, NULL, '省黄河防汛办', NULL, NULL, NULL, NULL, NULL, NULL, NULL, NULL, '2026-05-31 04:31:08', '2026-05-31 04:31:08'),
  (100, 100, NULL, '0391-8379800', '0391-3569520', NULL, NULL, NULL, NULL, NULL, NULL, NULL, NULL, NULL, NULL, '焦作市防办', NULL, NULL, NULL, NULL, NULL, NULL, NULL, '办公室 0391-3569520', '2026-05-31 04:31:08', '2026-05-31 04:31:08');

INSERT INTO evacuation_details (id, village_id, contact_name, contact_title, contact_phone, evacuation_location, evacuation_route, evacuation_method, evacuation_time_warning, evacuation_time_flood, vulnerable_groups, assistance_needed, required_materials, material_quantity, region, department, responsibility, discharge_range, flow_rate, resettlement_person, resettlement_phone, transfer_person, transfer_person_phone, remark, created_at, updated_at) VALUES
  (101, 101, NULL, '0391-6633972', '0391-6633878', NULL, NULL, NULL, NULL, NULL, NULL, NULL, NULL, NULL, NULL, '济源示范区防办', NULL, NULL, NULL, NULL, NULL, NULL, NULL, NULL, '2026-05-31 04:31:08', '2026-05-31 04:31:08'),
  (102, 102, NULL, '0391-3612158', '0391-3612154', NULL, NULL, NULL, NULL, NULL, NULL, NULL, NULL, NULL, NULL, '焦作黄河防办', NULL, NULL, NULL, NULL, NULL, NULL, NULL, 'jyhwjfb@163.com', '2026-05-31 04:31:08', '2026-05-31 04:31:08'),
  (103, 103, NULL, '0391-8325552', '0391-8325551', NULL, NULL, NULL, NULL, NULL, NULL, NULL, NULL, NULL, NULL, '济源黄沁河防办', NULL, NULL, NULL, NULL, NULL, NULL, NULL, NULL, '2026-05-31 04:31:08', '2026-05-31 04:31:08'),
  (104, 104, NULL, NULL, '0391-5611264', NULL, NULL, NULL, NULL, NULL, NULL, NULL, NULL, NULL, NULL, '沁阳河务局防办', NULL, NULL, NULL, NULL, NULL, NULL, NULL, NULL, '2026-05-31 04:31:08', '2026-05-31 04:31:08'),
  (105, 105, NULL, NULL, '0391-2070017', NULL, NULL, NULL, NULL, NULL, NULL, NULL, NULL, NULL, NULL, '引沁渠首管理处', NULL, NULL, NULL, NULL, NULL, NULL, NULL, NULL, '2026-05-31 04:31:08', '2026-05-31 04:31:08'),
  (106, 106, NULL, NULL, '0391-6751206', NULL, NULL, NULL, NULL, NULL, NULL, NULL, NULL, NULL, NULL, '五龙口水文站', NULL, NULL, NULL, NULL, NULL, NULL, NULL, NULL, '2026-05-31 04:31:08', '2026-05-31 04:31:08'),
  (107, 107, NULL, NULL, '0391-6758122', NULL, NULL, NULL, NULL, NULL, NULL, NULL, NULL, NULL, NULL, '五龙口防汛值班室', NULL, NULL, NULL, NULL, NULL, NULL, NULL, NULL, '2026-05-31 04:31:08', '2026-05-31 04:31:08'),
  (108, 108, NULL, '0356-7044420', '0356-7044303', NULL, NULL, NULL, NULL, NULL, NULL, NULL, NULL, NULL, NULL, '张峰水库', NULL, NULL, NULL, NULL, NULL, NULL, NULL, '办公室 0356-7044333', '2026-05-31 04:31:08', '2026-05-31 04:31:08'),
  (109, 109, NULL, '0391-6606475', '0391-6606735', NULL, NULL, NULL, NULL, NULL, NULL, NULL, NULL, NULL, NULL, '济源市气象局', NULL, NULL, NULL, NULL, NULL, NULL, NULL, '气象服务 8325666', '2026-05-31 04:31:08', '2026-05-31 04:31:08'),
  (110, 110, NULL, '0391-6630077', '0391-6630000', NULL, NULL, NULL, NULL, NULL, NULL, NULL, NULL, NULL, NULL, '联通济源分公司', NULL, NULL, NULL, NULL, NULL, NULL, NULL, NULL, '2026-05-31 04:31:08', '2026-05-31 04:31:08'),
  (111, 111, NULL, '0391-6632118', '0391-6632226', NULL, NULL, NULL, NULL, NULL, NULL, NULL, NULL, NULL, NULL, '济源供电公司', NULL, NULL, NULL, NULL, NULL, NULL, NULL, '0391-6632320', '2026-05-31 04:31:08', '2026-05-31 04:31:08'),
  (112, 112, NULL, NULL, '0391-6692079', NULL, NULL, NULL, NULL, NULL, NULL, NULL, NULL, NULL, NULL, '中石化济分公司', NULL, NULL, NULL, NULL, NULL, NULL, NULL, NULL, '2026-05-31 04:31:08', '2026-05-31 04:31:08'),
  (113, 113, NULL, NULL, '0391-2572895', NULL, NULL, NULL, NULL, NULL, NULL, NULL, NULL, NULL, NULL, '月山工务段', NULL, NULL, NULL, NULL, NULL, NULL, NULL, '15235523756', '2026-05-31 04:31:08', '2026-05-31 04:31:08'),
  (114, 114, NULL, NULL, '0391-8739620', NULL, NULL, NULL, NULL, NULL, NULL, NULL, NULL, NULL, NULL, '南水北调温博管理处', NULL, NULL, NULL, NULL, NULL, NULL, NULL, NULL, '2026-05-31 04:31:08', '2026-05-31 04:31:08'),
  (115, 115, NULL, '0391-3556103', '0391-3556102', NULL, NULL, NULL, NULL, NULL, NULL, NULL, NULL, NULL, NULL, '焦作水利局防办', NULL, NULL, NULL, NULL, NULL, NULL, NULL, NULL, '2026-05-31 04:31:08', '2026-05-31 04:31:08'),
  (116, 116, NULL, '0391-6633143', '0391-6633141', NULL, NULL, NULL, NULL, NULL, NULL, NULL, NULL, NULL, NULL, '济源水利局防办', NULL, NULL, NULL, NULL, NULL, NULL, NULL, NULL, '2026-05-31 04:31:08', '2026-05-31 04:31:08'),
  (117, 117, NULL, NULL, '0356-4815230', NULL, NULL, NULL, NULL, NULL, NULL, NULL, NULL, NULL, NULL, '润城水文站', NULL, NULL, NULL, NULL, NULL, NULL, NULL, '18703615559 杜站长', '2026-05-31 04:31:08', '2026-05-31 04:31:08'),
  (118, 118, NULL, '0391-2593008', '0391-2593555', NULL, NULL, NULL, NULL, NULL, NULL, NULL, NULL, NULL, NULL, '焦作市引沁管理局', NULL, NULL, NULL, NULL, NULL, NULL, NULL, '邮：jzyqdb@163.com', '2026-05-31 04:31:08', '2026-05-31 04:31:08'),
  (119, 119, NULL, NULL, NULL, NULL, NULL, NULL, NULL, NULL, NULL, NULL, NULL, NULL, NULL, NULL, NULL, '1000～2000立方米每秒', 1.5, NULL, NULL, NULL, NULL, NULL, '2026-05-31 04:31:08', '2026-05-31 04:31:08'),
  (120, 120, NULL, NULL, NULL, NULL, NULL, NULL, NULL, NULL, NULL, NULL, NULL, NULL, NULL, NULL, NULL, '1000～2000立方米每秒', 1.5, '翟  鹏', '15138866999', '翟  鹏', '15138866999', NULL, '2026-05-31 04:31:08', '2026-05-31 04:31:08'),
  (121, 121, NULL, NULL, NULL, NULL, NULL, NULL, NULL, NULL, NULL, NULL, NULL, NULL, NULL, NULL, NULL, '1000～2000立方米每秒', 1.5, '李红军', '13782605120', '李红军', '13782605120', NULL, '2026-05-31 04:31:08', '2026-05-31 04:31:08'),
  (122, 122, NULL, NULL, NULL, NULL, NULL, NULL, NULL, NULL, NULL, NULL, NULL, NULL, NULL, NULL, NULL, '2000～3000立方米每秒', 2.5, NULL, NULL, NULL, NULL, NULL, '2026-05-31 04:31:08', '2026-05-31 04:31:08'),
  (123, 123, NULL, NULL, NULL, NULL, NULL, NULL, NULL, NULL, NULL, NULL, NULL, NULL, NULL, NULL, NULL, '2000～3000立方米每秒', 2.5, '翟  鹏', '15138866999', '翟  鹏', '15138866999', NULL, '2026-05-31 04:31:08', '2026-05-31 04:31:08'),
  (124, 124, NULL, NULL, NULL, NULL, NULL, NULL, NULL, NULL, NULL, NULL, NULL, NULL, NULL, NULL, NULL, '2000～3000立方米每秒', 2.5, '李建康', '15138831666', '李建康', '15138831666', NULL, '2026-05-31 04:31:08', '2026-05-31 04:31:08'),
  (125, 125, NULL, NULL, NULL, NULL, NULL, NULL, NULL, NULL, NULL, NULL, NULL, NULL, NULL, NULL, NULL, '2000～3000立方米每秒', 2.5, '李红军', '13782605120', '李红军', '13782605120', NULL, '2026-05-31 04:31:08', '2026-05-31 04:31:08'),
  (126, 126, NULL, NULL, NULL, NULL, NULL, NULL, NULL, NULL, NULL, NULL, NULL, NULL, NULL, NULL, NULL, '3000～4000立方米每秒', 3.5, NULL, NULL, NULL, NULL, NULL, '2026-05-31 04:31:08', '2026-05-31 04:31:08'),
  (127, 127, NULL, NULL, NULL, NULL, NULL, NULL, NULL, NULL, NULL, NULL, NULL, NULL, NULL, NULL, NULL, '3000～4000立方米每秒', 3.5, '翟  鹏', '15138866999', '翟  鹏', '15138866999', NULL, '2026-05-31 04:31:08', '2026-05-31 04:31:08'),
  (128, 128, NULL, NULL, NULL, NULL, NULL, NULL, NULL, NULL, NULL, NULL, NULL, NULL, NULL, NULL, NULL, '3000～4000立方米每秒', 3.5, '李贝贝', '13303898886', '李贝贝', '13303898886', NULL, '2026-05-31 04:31:08', '2026-05-31 04:31:08'),
  (129, 129, NULL, NULL, NULL, NULL, NULL, NULL, NULL, NULL, NULL, NULL, NULL, NULL, NULL, NULL, NULL, '3000～4000立方米每秒', 3.5, '李建康', '15138831666', '李建康', '15138831666', NULL, '2026-05-31 04:31:08', '2026-05-31 04:31:08'),
  (130, 130, NULL, NULL, NULL, NULL, NULL, NULL, NULL, NULL, NULL, NULL, NULL, NULL, NULL, NULL, NULL, '3000～4000立方米每秒', 3.5, '李红军', '13782605120', '李红军', '13782605120', NULL, '2026-05-31 04:31:08', '2026-05-31 04:31:08'),
  (131, 131, NULL, NULL, NULL, NULL, NULL, NULL, NULL, NULL, NULL, NULL, NULL, NULL, NULL, NULL, NULL, '超过4000立方米每秒', 4, NULL, NULL, NULL, NULL, NULL, '2026-05-31 04:31:08', '2026-05-31 04:31:08'),
  (132, 132, NULL, NULL, NULL, NULL, NULL, NULL, NULL, NULL, NULL, NULL, NULL, NULL, NULL, NULL, NULL, '超过4000立方米每秒', 4, '翟  鹏', '15138866999', '翟  鹏', '15138866999', NULL, '2026-05-31 04:31:08', '2026-05-31 04:31:08'),
  (133, 133, NULL, NULL, NULL, NULL, NULL, NULL, NULL, NULL, NULL, NULL, NULL, NULL, NULL, NULL, NULL, '超过4000立方米每秒', 4, '谢进忠', '166397879285', '谢进忠', '166397879285', NULL, '2026-05-31 04:31:08', '2026-05-31 04:31:08'),
  (134, 134, NULL, NULL, NULL, NULL, NULL, NULL, NULL, NULL, NULL, NULL, NULL, NULL, NULL, NULL, NULL, '超过4000立方米每秒', 4, '李贝贝', '13303898886', '李贝贝', '13303898886', NULL, '2026-05-31 04:31:08', '2026-05-31 04:31:08'),
  (135, 135, NULL, NULL, NULL, NULL, NULL, NULL, NULL, NULL, NULL, NULL, NULL, NULL, NULL, NULL, NULL, '超过4000立方米每秒', 4, '赵先锋', '13083683999', '赵先锋', '13083683999', NULL, '2026-05-31 04:31:08', '2026-05-31 04:31:08'),
  (136, 136, NULL, NULL, NULL, NULL, NULL, NULL, NULL, NULL, NULL, NULL, NULL, NULL, NULL, NULL, NULL, '超过4000立方米每秒', 4, '郭先根', '18539117296', '郭先根', '18539117296', NULL, '2026-05-31 04:31:08', '2026-05-31 04:31:08'),
  (137, 137, NULL, NULL, NULL, NULL, NULL, NULL, NULL, NULL, NULL, NULL, NULL, NULL, NULL, NULL, NULL, '超过4000立方米每秒', 4, '任顺宇', '16613830371', '任顺宇', '16613830371', NULL, '2026-05-31 04:31:08', '2026-05-31 04:31:08'),
  (138, 138, NULL, NULL, NULL, NULL, NULL, NULL, NULL, NULL, NULL, NULL, NULL, NULL, NULL, NULL, NULL, '超过4000立方米每秒', 4, '司春明', '18203901899', '司春明', '18203901899', NULL, '2026-05-31 04:31:08', '2026-05-31 04:31:08'),
  (139, 139, NULL, NULL, NULL, NULL, NULL, NULL, NULL, NULL, NULL, NULL, NULL, NULL, NULL, NULL, NULL, '超过4000立方米每秒', 4, '和立奇', '13849537701', '和立奇', '13849537701', NULL, '2026-05-31 04:31:08', '2026-05-31 04:31:08'),
  (140, 140, NULL, NULL, NULL, NULL, NULL, NULL, NULL, NULL, NULL, NULL, NULL, NULL, NULL, NULL, NULL, '超过4000立方米每秒', 4, '李建康', '15138831666', '李建康', '15138831666', NULL, '2026-05-31 04:31:08', '2026-05-31 04:31:08'),
  (141, 141, NULL, NULL, NULL, NULL, NULL, NULL, NULL, NULL, NULL, NULL, NULL, NULL, NULL, NULL, NULL, '超过4000立方米每秒', 4, '李红军', '13782605120', '李红军', '13782605120', NULL, '2026-05-31 04:31:08', '2026-05-31 04:31:08'),
  (142, 142, NULL, NULL, NULL, NULL, NULL, NULL, NULL, NULL, NULL, NULL, NULL, NULL, NULL, NULL, NULL, '超过4000立方米每秒', 4, '彭伟玲', '13939172016', '彭伟玲', '13939172016', NULL, '2026-05-31 04:31:08', '2026-05-31 04:31:08'),
  (143, 143, NULL, NULL, NULL, NULL, NULL, NULL, NULL, NULL, NULL, NULL, NULL, NULL, NULL, NULL, NULL, '超过4000立方米每秒', 4, '李明飞', '15209049229', '李明飞', '15209049229', NULL, '2026-05-31 04:31:08', '2026-05-31 04:31:08'),
  (144, 144, NULL, NULL, NULL, NULL, NULL, NULL, NULL, NULL, NULL, NULL, NULL, NULL, NULL, NULL, NULL, '超过4000立方米每秒', 4, '常  飞', '18703905666', '常  飞', '18703905666', NULL, '2026-05-31 04:31:08', '2026-05-31 04:31:08'),
  (145, 145, NULL, NULL, NULL, NULL, NULL, NULL, NULL, NULL, NULL, NULL, NULL, NULL, NULL, NULL, NULL, '超过4000立方米每秒', 4, '李海江', '16639789190', '李海江', '16639789190', NULL, '2026-05-31 04:31:08', '2026-05-31 04:31:08'),
  (146, 146, NULL, NULL, NULL, NULL, NULL, NULL, NULL, NULL, NULL, NULL, NULL, NULL, NULL, NULL, NULL, '超过4000立方米每秒', 4, '田双成', '13838941019', '田双成', '13838941019', NULL, '2026-05-31 04:31:08', '2026-05-31 04:31:08'),
  (147, 147, NULL, NULL, NULL, NULL, NULL, NULL, NULL, NULL, NULL, NULL, NULL, NULL, NULL, NULL, NULL, '超过4000立方米每秒', 4, '武建国', '13838922772', '武建国', '13838922772', NULL, '2026-05-31 04:31:08', '2026-05-31 04:31:08'),
  (148, 148, NULL, NULL, NULL, NULL, NULL, NULL, NULL, NULL, NULL, NULL, NULL, NULL, NULL, NULL, NULL, '超过4000立方米每秒', 4, '魏喜军', '13849536757', '魏喜军', '13849536757', NULL, '2026-05-31 04:31:08', '2026-05-31 04:31:08'),
  (149, 149, NULL, NULL, NULL, NULL, NULL, NULL, NULL, NULL, NULL, NULL, NULL, NULL, NULL, NULL, NULL, '超过4000立方米每秒', 4, '田小波', '15939112588', '田小波', '15939112588', NULL, '2026-05-31 04:31:08', '2026-05-31 04:31:08'),
  (150, 150, NULL, NULL, NULL, '54276.0', NULL, NULL, NULL, NULL, NULL, NULL, NULL, NULL, NULL, NULL, NULL, '超过4000立方米每秒', 4, NULL, NULL, NULL, NULL, NULL, '2026-05-31 04:31:08', '2026-05-31 04:31:08');

INSERT INTO evacuation_details (id, village_id, contact_name, contact_title, contact_phone, evacuation_location, evacuation_route, evacuation_method, evacuation_time_warning, evacuation_time_flood, vulnerable_groups, assistance_needed, required_materials, material_quantity, region, department, responsibility, discharge_range, flow_rate, resettlement_person, resettlement_phone, transfer_person, transfer_person_phone, remark, created_at, updated_at) VALUES
  (151, 151, NULL, NULL, NULL, NULL, NULL, NULL, NULL, NULL, NULL, NULL, NULL, NULL, '大虹桥乡：杨庄村、老城村、布庄村、南关村、郭下村、童贯村、李马蓬村、原马蓬村、后阳城村、前阳城村、蒋岗村、韩原村、官庄、八里岗村、朱原村、土城村、王张村、李张村、安张村、韩张村、东张村、中司徒村、西司徒村。
北郭乡：赵马蓬村、岳马蓬村、方陵村、东草亭村、西草亭村、涧沟村、罗作村、原岗村、李后庄村、任后庄村、解封村、东安村、贾作村、裴庄村、北郭东村、东西岗村、城子村、蔡庄村、益庄村、下庄村、上庄村、镇南庄村、韩余会村、索余会村。', NULL, NULL, '4000', 4000, NULL, NULL, NULL, NULL, NULL, '2026-05-31 04:31:08', '2026-05-31 04:31:08'),
  (152, 152, NULL, NULL, NULL, NULL, NULL, NULL, NULL, NULL, NULL, NULL, NULL, NULL, '大虹桥乡：杨庄村、老城村、布庄村、南关村、郭下村、童贯村、李马蓬村、原马蓬村、后阳城村、前阳城村、蒋岗村、韩原村、官庄、八里岗村、朱原村、土城村、王张村、李张村、安张村、韩张村、东张村、中司徒村、西司徒村、东小虹村、大高山村、小高山村、寺王庄村、南虹桥村、彭庄村、曲村、东温村、西温村、赵北古村、陈北古村、李北古村、原北古村、西高庄村、东高庄村、西阳召村、东阳召村、南古村、西刘村。
北郭乡：赵马蓬村、岳马蓬村、方陵村、东草亭村、西草亭村、涧沟村、罗作村、原岗村、李后庄村、任后庄村、解封村、东安村、贾作村、裴庄村、北郭东村、东西岗村、城子村、蔡庄村、益庄村、下庄村、上庄村、镇南庄村、韩余会村、索余会村、南古岗村。
西陶镇：北东陶村、中东陶村、南东陶村。', NULL, NULL, '5000', 5000, NULL, NULL, NULL, NULL, NULL, '2026-05-31 04:31:08', '2026-05-31 04:31:08'),
  (153, 153, NULL, NULL, NULL, NULL, NULL, NULL, NULL, NULL, NULL, NULL, NULL, NULL, '大虹桥乡：杨庄村、老城村、布庄村、南关村、郭下村、童贯村、李马蓬村、原马蓬村、后阳城村、前阳城村、蒋岗村、韩原村、官庄、八里岗村、朱原村、土城村、王张村、李张村、安张村、韩张村、东张村、中司徒村、西司徒村、东小虹村、大高山村、小高山村、寺王庄村、南虹桥村、彭庄村、曲村、东温村、西温村、赵北古村、陈北古村、李北古村、原北古村、西高庄村、东高庄村、西阳召村、东阳召村、南古村、西刘村、冢后村、东刘村。
北郭乡：赵马蓬村、岳马蓬村、方陵村、东草亭村、西草亭村、涧沟村、罗作村、原岗村、李后庄村、任后庄村、解封村、东安村、贾作村、裴庄村、北郭东村、东西岗村、城子村、蔡庄村、益庄村、下庄村、上庄村、镇南庄村、韩余会村、索余会村、南古岗村。
西陶镇：北东陶村、中东陶村、南东陶村、西陶村。大封镇：王落村、东唐郭村。', NULL, NULL, '7600', 7600, NULL, NULL, NULL, NULL, NULL, '2026-05-31 04:31:08', '2026-05-31 04:31:08'),
  (154, 154, '宋洛生', '支部书记', '18625797490', '党群服务中心', '通村公路', NULL, NULL, NULL, NULL, NULL, NULL, NULL, NULL, NULL, NULL, NULL, NULL, '蒋冬晨', NULL, NULL, NULL, NULL, '2026-05-31 04:31:08', '2026-05-31 04:31:08'),
  (155, 155, '任平', '支部书记', '15516355708', NULL, NULL, NULL, NULL, NULL, NULL, NULL, NULL, NULL, NULL, NULL, NULL, NULL, NULL, '蒋冬晨', NULL, NULL, NULL, NULL, '2026-05-31 04:31:08', '2026-05-31 04:31:08'),
  (156, 156, '杨光才', '支部书记', '15037948778', '村部', NULL, NULL, NULL, NULL, NULL, NULL, NULL, NULL, NULL, NULL, NULL, NULL, NULL, '张阳', NULL, NULL, NULL, NULL, '2026-05-31 04:31:08', '2026-05-31 04:31:08'),
  (157, 157, '王毅', '支部书记', '15737922262', '村部', NULL, NULL, NULL, NULL, NULL, NULL, NULL, NULL, NULL, NULL, NULL, NULL, NULL, '田小飞', NULL, NULL, NULL, NULL, '2026-05-31 04:31:08', '2026-05-31 04:31:08'),
  (158, 158, '李燕军', '支部书记', '13213528590', NULL, NULL, NULL, NULL, NULL, NULL, NULL, NULL, NULL, NULL, NULL, NULL, NULL, NULL, '蒋冬晨', NULL, NULL, NULL, NULL, '2026-05-31 04:31:08', '2026-05-31 04:31:08'),
  (159, 159, '宋洛生', '支部书记', '18625797490', NULL, NULL, NULL, NULL, NULL, NULL, NULL, NULL, NULL, NULL, NULL, NULL, NULL, NULL, '蒋冬晨', NULL, NULL, NULL, NULL, '2026-05-31 04:31:08', '2026-05-31 04:31:08'),
  (160, 160, '任平', '支部书记', '15516355708', '党群服务中心', '通村公路', NULL, NULL, NULL, NULL, NULL, NULL, NULL, NULL, NULL, NULL, NULL, NULL, '蒋冬晨', NULL, NULL, NULL, NULL, '2026-05-31 04:31:08', '2026-05-31 04:31:08'),
  (161, 161, '杨光才', '支部书记', '15037948778', '村部', NULL, NULL, NULL, NULL, NULL, NULL, NULL, NULL, NULL, NULL, NULL, NULL, NULL, '张阳', NULL, NULL, NULL, NULL, '2026-05-31 04:31:08', '2026-05-31 04:31:08'),
  (162, 162, '王毅', '支部书记', '15737922262', '村部', NULL, NULL, NULL, NULL, NULL, NULL, NULL, NULL, NULL, NULL, NULL, NULL, NULL, '田小飞', NULL, NULL, NULL, NULL, '2026-05-31 04:31:08', '2026-05-31 04:31:08'),
  (163, 163, '李燕军', '支部书记', '13213528590', NULL, NULL, NULL, NULL, NULL, NULL, NULL, NULL, NULL, NULL, NULL, NULL, NULL, NULL, '蒋冬晨', NULL, NULL, NULL, NULL, '2026-05-31 04:31:08', '2026-05-31 04:31:08'),
  (164, 164, '任平', '村支书', '15516355708', '党群服务中心', '通村公路', NULL, NULL, NULL, NULL, NULL, NULL, NULL, NULL, NULL, NULL, NULL, NULL, '蒋冬晨', NULL, NULL, NULL, NULL, '2026-05-31 04:31:08', '2026-05-31 04:31:08'),
  (165, 165, '宋洛生', '支部书记', '18625797490', NULL, NULL, NULL, NULL, NULL, NULL, NULL, NULL, NULL, NULL, NULL, NULL, NULL, NULL, '蒋冬晨', NULL, NULL, NULL, NULL, '2026-05-31 04:31:08', '2026-05-31 04:31:08'),
  (166, 166, '邹书学', '支部书记', '15565366336', NULL, NULL, NULL, NULL, NULL, NULL, NULL, NULL, NULL, NULL, NULL, NULL, NULL, NULL, '蒋冬晨', NULL, NULL, NULL, NULL, '2026-05-31 04:31:08', '2026-05-31 04:31:08'),
  (167, 167, '杨光才', '支部书记', '15037948778', '村部', NULL, NULL, NULL, NULL, NULL, NULL, NULL, NULL, NULL, NULL, NULL, NULL, NULL, '张阳', NULL, NULL, NULL, NULL, '2026-05-31 04:31:08', '2026-05-31 04:31:08'),
  (168, 168, '王毅', '支部书记', '15737922262', '村部', NULL, NULL, NULL, NULL, NULL, NULL, NULL, NULL, NULL, NULL, NULL, NULL, NULL, '田小飞', NULL, NULL, NULL, NULL, '2026-05-31 04:31:08', '2026-05-31 04:31:08'),
  (169, 169, NULL, NULL, NULL, NULL, NULL, NULL, NULL, NULL, NULL, NULL, NULL, NULL, '饭坡镇', NULL, NULL, NULL, NULL, NULL, NULL, NULL, NULL, NULL, '2026-05-31 04:31:09', '2026-05-31 04:31:09'),
  (170, 170, NULL, NULL, NULL, NULL, NULL, NULL, NULL, NULL, NULL, NULL, NULL, NULL, '陆浑镇', NULL, NULL, NULL, NULL, NULL, NULL, NULL, NULL, NULL, '2026-05-31 04:31:09', '2026-05-31 04:31:09'),
  (171, 171, NULL, NULL, NULL, NULL, NULL, NULL, NULL, NULL, NULL, NULL, NULL, NULL, '城关镇', NULL, NULL, NULL, NULL, NULL, NULL, NULL, NULL, NULL, '2026-05-31 04:31:09', '2026-05-31 04:31:09'),
  (172, 172, NULL, NULL, NULL, NULL, NULL, NULL, NULL, NULL, NULL, NULL, NULL, NULL, '纸房镇', NULL, NULL, NULL, NULL, NULL, NULL, NULL, NULL, NULL, '2026-05-31 04:31:09', '2026-05-31 04:31:09'),
  (173, 173, NULL, NULL, NULL, NULL, NULL, NULL, NULL, NULL, NULL, NULL, NULL, NULL, '何村乡', NULL, NULL, NULL, NULL, NULL, NULL, NULL, NULL, NULL, '2026-05-31 04:31:09', '2026-05-31 04:31:09'),
  (174, 174, '李六奇', '村总支书记', '18237966999', '桥北村育才小学', '老洛栾路和快速通道', NULL, NULL, NULL, NULL, NULL, NULL, NULL, NULL, NULL, NULL, NULL, NULL, '梁少波15978669069', NULL, NULL, NULL, NULL, '2026-05-31 04:31:09', '2026-05-31 04:31:09'),
  (175, 175, '李志国', '支部副书记', '18039566118', NULL, NULL, NULL, NULL, NULL, NULL, NULL, NULL, NULL, NULL, NULL, NULL, NULL, NULL, NULL, NULL, NULL, NULL, NULL, '2026-05-31 04:31:09', '2026-05-31 04:31:09'),
  (176, 176, '刘大岳', '支部书记', '13703886194', NULL, NULL, NULL, NULL, NULL, NULL, NULL, NULL, NULL, NULL, NULL, NULL, NULL, NULL, NULL, NULL, NULL, NULL, NULL, '2026-05-31 04:31:09', '2026-05-31 04:31:09'),
  (177, 177, '董文学', '支部书记', '17637936668', '万安村委', '环湖路', NULL, NULL, NULL, NULL, NULL, NULL, NULL, NULL, NULL, NULL, NULL, NULL, NULL, NULL, NULL, NULL, NULL, '2026-05-31 04:31:09', '2026-05-31 04:31:09'),
  (178, 178, '韩长水', '支部书记', '13838882906', NULL, NULL, NULL, NULL, NULL, NULL, NULL, NULL, NULL, NULL, NULL, NULL, NULL, NULL, '任纪锋13721618818', NULL, NULL, NULL, NULL, '2026-05-31 04:31:09', '2026-05-31 04:31:09'),
  (179, 179, '张小纯', '监委主任', '17613986898', '望城岗村委', NULL, NULL, NULL, NULL, NULL, NULL, NULL, NULL, NULL, NULL, NULL, NULL, NULL, NULL, NULL, NULL, NULL, NULL, '2026-05-31 04:31:09', '2026-05-31 04:31:09'),
  (180, 180, '周旭光', '支部书记', '13949232598', '小学', NULL, NULL, NULL, NULL, NULL, NULL, NULL, NULL, NULL, NULL, NULL, NULL, NULL, NULL, NULL, NULL, NULL, NULL, '2026-05-31 04:31:09', '2026-05-31 04:31:09'),
  (181, 181, '仝湘原', '支部书记', '13949284551', '楼上村村委', '三、四组路口', NULL, NULL, NULL, NULL, NULL, NULL, NULL, NULL, NULL, NULL, NULL, NULL, '袁园15290512776', NULL, NULL, NULL, NULL, '2026-05-31 04:31:09', '2026-05-31 04:31:09'),
  (182, 182, '安明然', '支部书记', '15838566627', NULL, NULL, NULL, NULL, NULL, NULL, NULL, NULL, NULL, NULL, NULL, NULL, NULL, NULL, NULL, NULL, NULL, NULL, NULL, '2026-05-31 04:31:09', '2026-05-31 04:31:09'),
  (183, 183, '孟建明', '村委委员', '13838831855', '汪庄村村委', '四组路口', NULL, NULL, NULL, NULL, NULL, NULL, NULL, NULL, NULL, NULL, NULL, NULL, NULL, NULL, NULL, NULL, NULL, '2026-05-31 04:31:09', '2026-05-31 04:31:09'),
  (184, 184, '王德飞', '支部书记', '15236260111', '和店坡上', '村主干路', NULL, NULL, NULL, NULL, NULL, NULL, NULL, NULL, NULL, NULL, NULL, NULL, '刘娟娟18737915013', NULL, NULL, NULL, NULL, '2026-05-31 04:31:09', '2026-05-31 04:31:09'),
  (185, 185, '谢普娃', '支部书记', '15036599439', NULL, NULL, NULL, NULL, NULL, NULL, NULL, NULL, NULL, NULL, NULL, NULL, NULL, NULL, NULL, NULL, NULL, NULL, NULL, '2026-05-31 04:31:09', '2026-05-31 04:31:09'),
  (186, 186, '郎新晓', '支部书记', '15838857261', '寺庄坡上', '村主干路', NULL, NULL, NULL, NULL, NULL, NULL, NULL, NULL, NULL, NULL, NULL, NULL, NULL, NULL, NULL, NULL, NULL, '2026-05-31 04:31:09', '2026-05-31 04:31:09'),
  (187, 187, '温九夏', '支部委员', '13233959412', NULL, NULL, NULL, NULL, NULL, NULL, NULL, NULL, NULL, NULL, NULL, NULL, NULL, NULL, '温作圣18338892151', NULL, NULL, NULL, NULL, '2026-05-31 04:31:09', '2026-05-31 04:31:09'),
  (188, 188, '石德钢', '支部书记', '13698849916', NULL, NULL, NULL, NULL, NULL, NULL, NULL, NULL, NULL, NULL, NULL, NULL, NULL, NULL, NULL, NULL, NULL, NULL, NULL, '2026-05-31 04:31:09', '2026-05-31 04:31:09'),
  (189, 189, '郭振杰', '支部书记', '13903889855', '板闸店村委大院', '老洛栾路和快速通道', NULL, NULL, NULL, NULL, NULL, NULL, NULL, NULL, NULL, NULL, NULL, NULL, '王琳18037359686', NULL, NULL, NULL, NULL, '2026-05-31 04:31:09', '2026-05-31 04:31:09'),
  (190, 190, '张金农', '文书副书记', '13937902205', NULL, NULL, NULL, NULL, NULL, NULL, NULL, NULL, NULL, NULL, NULL, NULL, NULL, NULL, '李江峰13838483838', NULL, NULL, NULL, NULL, '2026-05-31 04:31:09', '2026-05-31 04:31:09'),
  (191, 191, '王朝阳', '支部书记', '18337937039', '村部，学校', '安全路线', NULL, NULL, NULL, NULL, NULL, NULL, NULL, NULL, NULL, NULL, NULL, NULL, NULL, NULL, NULL, NULL, NULL, '2026-05-31 04:31:09', '2026-05-31 04:31:09'),
  (192, 192, '程会民', '支部书记', '13233939722', '吴村小学', '小学主干道', NULL, NULL, NULL, NULL, NULL, NULL, NULL, NULL, NULL, NULL, NULL, NULL, '陶凯17772134158', NULL, NULL, NULL, NULL, '2026-05-31 04:31:09', '2026-05-31 04:31:09'),
  (193, 193, '李六奇', '村总支书记', '18237966999', '桥北村育才小学', '老洛栾路和快速通道', NULL, NULL, NULL, NULL, NULL, NULL, NULL, NULL, NULL, NULL, NULL, NULL, '梁少波15978669069', NULL, NULL, NULL, NULL, '2026-05-31 04:31:09', '2026-05-31 04:31:09'),
  (194, 194, '李志国', '支部副书记', '18039566118', NULL, NULL, NULL, NULL, NULL, NULL, NULL, NULL, NULL, NULL, NULL, NULL, NULL, NULL, NULL, NULL, NULL, NULL, NULL, '2026-05-31 04:31:09', '2026-05-31 04:31:09'),
  (195, 195, '刘大岳', '支部书记', '13703886194', NULL, NULL, NULL, NULL, NULL, NULL, NULL, NULL, NULL, NULL, NULL, NULL, NULL, NULL, NULL, NULL, NULL, NULL, NULL, '2026-05-31 04:31:09', '2026-05-31 04:31:09'),
  (196, 196, '董文学', '支部书记', '17637936668', '万安村委', '环湖路', NULL, NULL, NULL, NULL, NULL, NULL, NULL, NULL, NULL, NULL, NULL, NULL, NULL, NULL, NULL, NULL, NULL, '2026-05-31 04:31:09', '2026-05-31 04:31:09'),
  (197, 197, '韩长水', '支部书记', '13838882906', NULL, NULL, NULL, NULL, NULL, NULL, NULL, NULL, NULL, NULL, NULL, NULL, NULL, NULL, '任纪锋13721618818', NULL, NULL, NULL, NULL, '2026-05-31 04:31:09', '2026-05-31 04:31:09'),
  (198, 198, '张小纯', '监委主任', '17613986898', '望城岗村委', NULL, NULL, NULL, NULL, NULL, NULL, NULL, NULL, NULL, NULL, NULL, NULL, NULL, NULL, NULL, NULL, NULL, NULL, '2026-05-31 04:31:09', '2026-05-31 04:31:09'),
  (199, 199, '周旭光', '支部书记', '13949232598', '小学', NULL, NULL, NULL, NULL, NULL, NULL, NULL, NULL, NULL, NULL, NULL, NULL, NULL, NULL, NULL, NULL, NULL, NULL, '2026-05-31 04:31:09', '2026-05-31 04:31:09'),
  (200, 200, '仝湘原', '支部书记', '13949284551', '楼上村村委', '三、四组路口', NULL, NULL, NULL, NULL, NULL, NULL, NULL, NULL, NULL, NULL, NULL, NULL, '袁园15290512776', NULL, NULL, NULL, NULL, '2026-05-31 04:31:09', '2026-05-31 04:31:09');

INSERT INTO evacuation_details (id, village_id, contact_name, contact_title, contact_phone, evacuation_location, evacuation_route, evacuation_method, evacuation_time_warning, evacuation_time_flood, vulnerable_groups, assistance_needed, required_materials, material_quantity, region, department, responsibility, discharge_range, flow_rate, resettlement_person, resettlement_phone, transfer_person, transfer_person_phone, remark, created_at, updated_at) VALUES
  (201, 201, '安明然', '支部书记', '15838566627', NULL, NULL, NULL, NULL, NULL, NULL, NULL, NULL, NULL, NULL, NULL, NULL, NULL, NULL, NULL, NULL, NULL, NULL, NULL, '2026-05-31 04:31:09', '2026-05-31 04:31:09'),
  (202, 202, '孟建明', '村委委员', '13838831855', '汪庄村村委', '四组路口', NULL, NULL, NULL, NULL, NULL, NULL, NULL, NULL, NULL, NULL, NULL, NULL, NULL, NULL, NULL, NULL, NULL, '2026-05-31 04:31:09', '2026-05-31 04:31:09'),
  (203, 203, '王德飞', '支部书记', '15236260111', '和店坡上', '村主干路', NULL, NULL, NULL, NULL, NULL, NULL, NULL, NULL, NULL, NULL, NULL, NULL, '刘娟娟18737915013', NULL, NULL, NULL, NULL, '2026-05-31 04:31:09', '2026-05-31 04:31:09'),
  (204, 204, '谢普娃', '支部书记', '15036599439', '岗上小学', '嵩汝路', NULL, NULL, NULL, NULL, NULL, NULL, NULL, NULL, NULL, NULL, NULL, NULL, NULL, NULL, NULL, NULL, NULL, '2026-05-31 04:31:09', '2026-05-31 04:31:09'),
  (205, 205, '郎新晓', '支部书记', '15838857261', '寺庄坡上', '村主干路', NULL, NULL, NULL, NULL, NULL, NULL, NULL, NULL, NULL, NULL, NULL, NULL, NULL, NULL, NULL, NULL, NULL, '2026-05-31 04:31:09', '2026-05-31 04:31:09'),
  (206, 206, '温九夏', '支部委员', '13233959412', NULL, NULL, NULL, NULL, NULL, NULL, NULL, NULL, NULL, NULL, NULL, NULL, NULL, NULL, '温作圣18338892151', NULL, NULL, NULL, NULL, '2026-05-31 04:31:09', '2026-05-31 04:31:09'),
  (207, 207, '石德钢', '支部书记', '13698849916', NULL, NULL, NULL, NULL, NULL, NULL, NULL, NULL, NULL, NULL, NULL, NULL, NULL, NULL, NULL, NULL, NULL, NULL, NULL, '2026-05-31 04:31:09', '2026-05-31 04:31:09'),
  (208, 208, '郭振杰', '支部书记', '13903889855', '板闸店村委大院', '老洛栾路和快速通道', NULL, NULL, NULL, NULL, NULL, NULL, NULL, NULL, NULL, NULL, NULL, NULL, '王琳18037359686', NULL, NULL, NULL, NULL, '2026-05-31 04:31:09', '2026-05-31 04:31:09'),
  (209, 209, '张金农', '文书副书记', '13937902205', '上坡小学', '二、三组路口', NULL, NULL, NULL, NULL, NULL, NULL, NULL, NULL, NULL, NULL, NULL, NULL, '李江峰13838483838', NULL, NULL, NULL, NULL, '2026-05-31 04:31:09', '2026-05-31 04:31:09'),
  (210, 210, '王朝阳', '支部书记', '18337937039', '村部，学校', '安全路线', NULL, NULL, NULL, NULL, NULL, NULL, NULL, NULL, NULL, NULL, NULL, NULL, NULL, NULL, NULL, NULL, NULL, '2026-05-31 04:31:09', '2026-05-31 04:31:09'),
  (211, 211, '程会民', '支部书记', '13233939722', '吴村小学', '小学主干道', NULL, NULL, NULL, NULL, NULL, NULL, NULL, NULL, NULL, NULL, NULL, NULL, '陶凯17772134158', NULL, NULL, NULL, NULL, '2026-05-31 04:31:09', '2026-05-31 04:31:09'),
  (212, 212, '李六奇', '村总支书记', '18237966999', '桥北村剧院', '老洛栾路和快速通道', NULL, NULL, NULL, NULL, NULL, NULL, NULL, NULL, NULL, NULL, NULL, NULL, '梁少波15978669069', NULL, NULL, NULL, NULL, '2026-05-31 04:31:09', '2026-05-31 04:31:09'),
  (213, 213, '李志国', '支部副书记', '18039566118', NULL, NULL, NULL, NULL, NULL, NULL, NULL, NULL, NULL, NULL, NULL, NULL, NULL, NULL, NULL, NULL, NULL, NULL, NULL, '2026-05-31 04:31:09', '2026-05-31 04:31:09'),
  (214, 214, '刘大岳', '支部书记', '13703886194', NULL, NULL, NULL, NULL, NULL, NULL, NULL, NULL, NULL, NULL, NULL, NULL, NULL, NULL, NULL, NULL, NULL, NULL, NULL, '2026-05-31 04:31:09', '2026-05-31 04:31:09'),
  (215, 215, '董文学', '支部书记', '17637936668', '万安村委', '环湖路至村道', NULL, NULL, NULL, NULL, NULL, NULL, NULL, NULL, NULL, NULL, NULL, NULL, NULL, NULL, NULL, NULL, NULL, '2026-05-31 04:31:09', '2026-05-31 04:31:09'),
  (216, 216, '韩长水', '支部书记', '13838882906', '老村部', '800 米', NULL, NULL, NULL, NULL, NULL, NULL, NULL, NULL, NULL, NULL, NULL, NULL, '任纪锋13721618818', NULL, NULL, NULL, NULL, '2026-05-31 04:31:09', '2026-05-31 04:31:09'),
  (217, 217, '张小纯', '监委主任', '17613986898', '望城岗村委', NULL, NULL, NULL, NULL, NULL, NULL, NULL, NULL, NULL, NULL, NULL, NULL, NULL, NULL, NULL, NULL, NULL, NULL, '2026-05-31 04:31:09', '2026-05-31 04:31:09'),
  (218, 218, '周旭光', '支部书记', '13949232598', '小学', NULL, NULL, NULL, NULL, NULL, NULL, NULL, NULL, NULL, NULL, NULL, NULL, NULL, NULL, NULL, NULL, NULL, NULL, '2026-05-31 04:31:09', '2026-05-31 04:31:09'),
  (219, 219, '仝湘原', '支部书记', '13949284551', '楼上小学', '各小组路口', NULL, NULL, NULL, NULL, NULL, NULL, NULL, NULL, NULL, NULL, NULL, NULL, '袁园15290512776', NULL, NULL, NULL, NULL, '2026-05-31 04:31:09', '2026-05-31 04:31:09'),
  (220, 220, '安明然', '支部书记', '15838566627', '新便民服务部', '四组路口', NULL, NULL, NULL, NULL, NULL, NULL, NULL, NULL, NULL, NULL, NULL, NULL, NULL, NULL, NULL, NULL, NULL, '2026-05-31 04:31:09', '2026-05-31 04:31:09'),
  (221, 221, '孟建明', '村委委员', '13838831855', '第二实验中学', '各小组路口', NULL, NULL, NULL, NULL, NULL, NULL, NULL, NULL, NULL, NULL, NULL, NULL, NULL, NULL, NULL, NULL, NULL, '2026-05-31 04:31:09', '2026-05-31 04:31:09'),
  (222, 222, '王德飞', '支部书记', '15236260111', '和店坡上', '村主干路', NULL, NULL, NULL, NULL, NULL, NULL, NULL, NULL, NULL, NULL, NULL, NULL, '刘娟娟18737915013', NULL, NULL, NULL, NULL, '2026-05-31 04:31:09', '2026-05-31 04:31:09'),
  (223, 223, '谢普娃', '支部书记', '15036599439', '岗上小学', '村主干道', NULL, NULL, NULL, NULL, NULL, NULL, NULL, NULL, NULL, NULL, NULL, NULL, NULL, NULL, NULL, NULL, NULL, '2026-05-31 04:31:09', '2026-05-31 04:31:09'),
  (224, 224, '郎新晓', '支部书记', '15838857261', '寺庄坡上', '村主干路', NULL, NULL, NULL, NULL, NULL, NULL, NULL, NULL, NULL, NULL, NULL, NULL, NULL, NULL, NULL, NULL, NULL, '2026-05-31 04:31:09', '2026-05-31 04:31:09'),
  (225, 225, '温九夏', '支部委员', '13233959412', NULL, NULL, NULL, NULL, NULL, NULL, NULL, NULL, NULL, NULL, NULL, NULL, NULL, NULL, '温作圣18338892151', NULL, NULL, NULL, NULL, '2026-05-31 04:31:09', '2026-05-31 04:31:09'),
  (226, 226, '石德钢', '支部书记', '13698849916', NULL, NULL, NULL, NULL, NULL, NULL, NULL, NULL, NULL, NULL, NULL, NULL, NULL, NULL, NULL, NULL, NULL, NULL, NULL, '2026-05-31 04:31:09', '2026-05-31 04:31:09'),
  (227, 227, '郭振杰', '支部书记', '13903889855', '板闸店村委大院', '老洛栾路和快速通道', NULL, NULL, NULL, NULL, NULL, NULL, NULL, NULL, NULL, NULL, NULL, NULL, '王琳18037359686', NULL, NULL, NULL, NULL, '2026-05-31 04:31:09', '2026-05-31 04:31:09'),
  (228, 228, '张金农', '文书副书记', '13937902205', '上坡小学', '二、三组路口', NULL, NULL, NULL, NULL, NULL, NULL, NULL, NULL, NULL, NULL, NULL, NULL, '李江峰13838483838', NULL, NULL, NULL, NULL, '2026-05-31 04:31:09', '2026-05-31 04:31:09'),
  (229, 229, '王朝阳', '支部书记', '18337937039', '村部，学校', '安全路线', NULL, NULL, NULL, NULL, NULL, NULL, NULL, NULL, NULL, NULL, NULL, NULL, NULL, NULL, NULL, NULL, NULL, '2026-05-31 04:31:09', '2026-05-31 04:31:09'),
  (230, 230, '程会民', '支部书记', '13233939722', '吴村小学', '小学主干道', NULL, NULL, NULL, NULL, NULL, NULL, NULL, NULL, NULL, NULL, NULL, NULL, '陶凯17772134158', NULL, NULL, NULL, NULL, '2026-05-31 04:31:09', '2026-05-31 04:31:09'),
  (231, 231, '李六奇', '村总支书记', '18237966999', '桥北村剧院', '老洛栾路和快速通道', NULL, NULL, NULL, NULL, NULL, NULL, NULL, NULL, NULL, NULL, NULL, NULL, '梁少波15978669069', NULL, NULL, NULL, NULL, '2026-05-31 04:31:09', '2026-05-31 04:31:09'),
  (232, 232, '李志国', '支部副书记', '18039566118', NULL, NULL, NULL, NULL, NULL, NULL, NULL, NULL, NULL, NULL, NULL, NULL, NULL, NULL, NULL, NULL, NULL, NULL, NULL, '2026-05-31 04:31:09', '2026-05-31 04:31:09'),
  (233, 233, '刘大岳', '支部书记', '13703886194', NULL, NULL, NULL, NULL, NULL, NULL, NULL, NULL, NULL, NULL, NULL, NULL, NULL, NULL, NULL, NULL, NULL, NULL, NULL, '2026-05-31 04:31:09', '2026-05-31 04:31:09'),
  (234, 234, '董文学', '支部书记', '17637936668', '万安村委', '环湖路至村道', NULL, NULL, NULL, NULL, NULL, NULL, NULL, NULL, NULL, NULL, NULL, NULL, NULL, NULL, NULL, NULL, NULL, '2026-05-31 04:31:09', '2026-05-31 04:31:09'),
  (235, 235, '韩长水', '支部书记', '13838882906', '老村部', '800 米', NULL, NULL, NULL, NULL, NULL, NULL, NULL, NULL, NULL, NULL, NULL, NULL, '任纪锋13721618818', NULL, NULL, NULL, NULL, '2026-05-31 04:31:09', '2026-05-31 04:31:09'),
  (236, 236, '张小纯', '监委主任', '17613986898', '望城岗村委', NULL, NULL, NULL, NULL, NULL, NULL, NULL, NULL, NULL, NULL, NULL, NULL, NULL, NULL, NULL, NULL, NULL, NULL, '2026-05-31 04:31:09', '2026-05-31 04:31:09'),
  (237, 237, '周旭光', '支部书记', '13949232598', '小学', NULL, NULL, NULL, NULL, NULL, NULL, NULL, NULL, NULL, NULL, NULL, NULL, NULL, NULL, NULL, NULL, NULL, NULL, '2026-05-31 04:31:09', '2026-05-31 04:31:09'),
  (238, 238, '仝湘原', '支部书记', '13949284551', '楼上小学', '各小组路口', NULL, NULL, NULL, NULL, NULL, NULL, NULL, NULL, NULL, NULL, NULL, NULL, '袁园15290512776', NULL, NULL, NULL, NULL, '2026-05-31 04:31:09', '2026-05-31 04:31:09'),
  (239, 239, '安明然', '支部书记', '15838566627', '新便民服务部', '三组路口', NULL, NULL, NULL, NULL, NULL, NULL, NULL, NULL, NULL, NULL, NULL, NULL, NULL, NULL, NULL, NULL, NULL, '2026-05-31 04:31:09', '2026-05-31 04:31:09'),
  (240, 240, '孟建明', '村委委员', '13838831855', '第二实验中学', '各小组路口', NULL, NULL, NULL, NULL, NULL, NULL, NULL, NULL, NULL, NULL, NULL, NULL, NULL, NULL, NULL, NULL, NULL, '2026-05-31 04:31:09', '2026-05-31 04:31:09'),
  (241, 241, '王德飞', '支部书记', '15236260111', '和店坡上', '村主干路', NULL, NULL, NULL, NULL, NULL, NULL, NULL, NULL, NULL, NULL, NULL, NULL, '刘娟娟18737915013', NULL, NULL, NULL, NULL, '2026-05-31 04:31:09', '2026-05-31 04:31:09'),
  (242, 242, '谢普娃', '支部书记', '15036599439', '岗上小学', '村主干道', NULL, NULL, NULL, NULL, NULL, NULL, NULL, NULL, NULL, NULL, NULL, NULL, NULL, NULL, NULL, NULL, NULL, '2026-05-31 04:31:09', '2026-05-31 04:31:09'),
  (243, 243, '郎新晓', '支部书记', '15838857261', '寺庄坡上', '村主干路', NULL, NULL, NULL, NULL, NULL, NULL, NULL, NULL, NULL, NULL, NULL, NULL, NULL, NULL, NULL, NULL, NULL, '2026-05-31 04:31:09', '2026-05-31 04:31:09'),
  (244, 244, '温九夏', '支部委员', '13233959412', NULL, NULL, NULL, NULL, NULL, NULL, NULL, NULL, NULL, NULL, NULL, NULL, NULL, NULL, '温作圣18338892151', NULL, NULL, NULL, NULL, '2026-05-31 04:31:09', '2026-05-31 04:31:09'),
  (245, 245, '石德钢', '支部书记', '13698849916', '龙驹小学', '龙驹主路', NULL, NULL, NULL, NULL, NULL, NULL, NULL, NULL, NULL, NULL, NULL, NULL, NULL, NULL, NULL, NULL, NULL, '2026-05-31 04:31:09', '2026-05-31 04:31:09'),
  (246, 246, '郭振杰', '支部书记', '13903889855', '板闸店村委大院', '老洛栾路和快速通道', NULL, NULL, NULL, NULL, NULL, NULL, NULL, NULL, NULL, NULL, NULL, NULL, '王琳18037359686', NULL, NULL, NULL, NULL, '2026-05-31 04:31:09', '2026-05-31 04:31:09'),
  (247, 247, '张金农', '文书副书记', '13937902205', '上坡小学', '三组路口', NULL, NULL, NULL, NULL, NULL, NULL, NULL, NULL, NULL, NULL, NULL, NULL, '李江峰13838483838', NULL, NULL, NULL, NULL, '2026-05-31 04:31:09', '2026-05-31 04:31:09'),
  (248, 248, '王朝阳', '支部书记', '18337937039', '村部，学校', '安全路线', NULL, NULL, NULL, NULL, NULL, NULL, NULL, NULL, NULL, NULL, NULL, NULL, NULL, NULL, NULL, NULL, NULL, '2026-05-31 04:31:09', '2026-05-31 04:31:09'),
  (249, 249, '程会民', '支部书记', '13233939722', '吴村小学', '小学主干道', NULL, NULL, NULL, NULL, NULL, NULL, NULL, NULL, NULL, NULL, NULL, NULL, '陶凯17772134158', NULL, NULL, NULL, NULL, '2026-05-31 04:31:09', '2026-05-31 04:31:09'),
  (250, 250, '李六奇', '村总支书记', '18237966999', '桥北村剧院', '老洛栾路和快速通道', NULL, NULL, NULL, NULL, NULL, NULL, NULL, NULL, NULL, NULL, NULL, NULL, '梁少波15978669069', NULL, NULL, NULL, NULL, '2026-05-31 04:31:09', '2026-05-31 04:31:09');

INSERT INTO evacuation_details (id, village_id, contact_name, contact_title, contact_phone, evacuation_location, evacuation_route, evacuation_method, evacuation_time_warning, evacuation_time_flood, vulnerable_groups, assistance_needed, required_materials, material_quantity, region, department, responsibility, discharge_range, flow_rate, resettlement_person, resettlement_phone, transfer_person, transfer_person_phone, remark, created_at, updated_at) VALUES
  (251, 251, '李志国', '支部副书记', '18039566118', NULL, NULL, NULL, NULL, NULL, NULL, NULL, NULL, NULL, NULL, NULL, NULL, NULL, NULL, NULL, NULL, NULL, NULL, NULL, '2026-05-31 04:31:09', '2026-05-31 04:31:09'),
  (252, 252, '刘大岳', '支部书记', '13703886194', '老樊店村委', '村道', NULL, NULL, NULL, NULL, NULL, NULL, NULL, NULL, NULL, NULL, NULL, NULL, NULL, NULL, NULL, NULL, NULL, '2026-05-31 04:31:09', '2026-05-31 04:31:09'),
  (253, 253, '董文学', '支部书记', '17637936668', '万安村委', '村道', NULL, NULL, NULL, NULL, NULL, NULL, NULL, NULL, NULL, NULL, NULL, NULL, NULL, NULL, NULL, NULL, NULL, '2026-05-31 04:31:09', '2026-05-31 04:31:09'),
  (254, 254, '韩长水', '支部书记', '13838882906', '老村部', '800 米', NULL, NULL, NULL, NULL, NULL, NULL, NULL, NULL, NULL, NULL, NULL, NULL, '任纪锋13721618818', NULL, NULL, NULL, NULL, '2026-05-31 04:31:09', '2026-05-31 04:31:09'),
  (255, 255, '张小纯', '监委主任', '17613986898', '望城岗村委', '村中间路线', NULL, NULL, NULL, NULL, NULL, NULL, NULL, NULL, NULL, NULL, NULL, NULL, NULL, NULL, NULL, NULL, NULL, '2026-05-31 04:31:09', '2026-05-31 04:31:09'),
  (256, 256, '周旭光', '支部书记', '13949232598', '小学', NULL, NULL, NULL, NULL, NULL, NULL, NULL, NULL, NULL, NULL, NULL, NULL, NULL, NULL, NULL, NULL, NULL, NULL, '2026-05-31 04:31:09', '2026-05-31 04:31:09'),
  (257, 257, '仝湘原', '支部书记', '13949284551', '楼上小学', '各小组路口', NULL, NULL, NULL, NULL, NULL, NULL, NULL, NULL, NULL, NULL, NULL, NULL, '袁园15290512776', NULL, NULL, NULL, NULL, '2026-05-31 04:31:09', '2026-05-31 04:31:09'),
  (258, 258, '安明然', '支部书记', '15838566627', '新便民服务部', '后坡各路口', NULL, NULL, NULL, NULL, NULL, NULL, NULL, NULL, NULL, NULL, NULL, NULL, NULL, NULL, NULL, NULL, NULL, '2026-05-31 04:31:09', '2026-05-31 04:31:09'),
  (259, 259, '孟建明', '村委委员', '13838831855', '玉皇山路口', '各小组路口', NULL, NULL, NULL, NULL, NULL, NULL, NULL, NULL, NULL, NULL, NULL, NULL, NULL, NULL, NULL, NULL, NULL, '2026-05-31 04:31:09', '2026-05-31 04:31:09'),
  (260, 260, '王德飞', '支部书记', '15236260111', '和店坡上', '村主干路', NULL, NULL, NULL, NULL, NULL, NULL, NULL, NULL, NULL, NULL, NULL, NULL, '刘娟娟18737915013', NULL, NULL, NULL, NULL, '2026-05-31 04:31:09', '2026-05-31 04:31:09'),
  (261, 261, '谢普娃', '支部书记', '15036599439', '岗上小学', '村主干道', NULL, NULL, NULL, NULL, NULL, NULL, NULL, NULL, NULL, NULL, NULL, NULL, NULL, NULL, NULL, NULL, NULL, '2026-05-31 04:31:09', '2026-05-31 04:31:09'),
  (262, 262, '郎新晓', '支部书记', '15838857261', '寺庄坡上', '村主干路', NULL, NULL, NULL, NULL, NULL, NULL, NULL, NULL, NULL, NULL, NULL, NULL, NULL, NULL, NULL, NULL, NULL, '2026-05-31 04:31:09', '2026-05-31 04:31:09'),
  (263, 263, '温九夏', '支部委员', '13233959412', NULL, NULL, NULL, NULL, NULL, NULL, NULL, NULL, NULL, NULL, NULL, NULL, NULL, NULL, '温作圣18338892151', NULL, NULL, NULL, NULL, '2026-05-31 04:31:09', '2026-05-31 04:31:09'),
  (264, 264, '石德钢', '支部书记', '13698849916', '龙驹小学', '龙驹主路', NULL, NULL, NULL, NULL, NULL, NULL, NULL, NULL, NULL, NULL, NULL, NULL, NULL, NULL, NULL, NULL, NULL, '2026-05-31 04:31:09', '2026-05-31 04:31:09'),
  (265, 265, '郭振杰', '支部书记', '13903889855', '板闸店村委大院', '老洛栾路和快速通道', NULL, NULL, NULL, NULL, NULL, NULL, NULL, NULL, NULL, NULL, NULL, NULL, '王琳18037359686', NULL, NULL, NULL, NULL, '2026-05-31 04:31:09', '2026-05-31 04:31:09'),
  (266, 266, '张金农', '文书副书记', '13937902205', '一组后坡', '后坡各路口', NULL, NULL, NULL, NULL, NULL, NULL, NULL, NULL, NULL, NULL, NULL, NULL, '李江峰13838483838', NULL, NULL, NULL, NULL, '2026-05-31 04:31:09', '2026-05-31 04:31:09'),
  (267, 267, '王朝阳', '支部书记', '18337937039', '村部，学校', '沿坡路线', NULL, NULL, NULL, NULL, NULL, NULL, NULL, NULL, NULL, NULL, NULL, NULL, NULL, NULL, NULL, NULL, NULL, '2026-05-31 04:31:09', '2026-05-31 04:31:09'),
  (268, 268, '程会民', '支部书记', '13233939722', '吴村小学', '小学主干道', NULL, NULL, NULL, NULL, NULL, NULL, NULL, NULL, NULL, NULL, NULL, NULL, '陶凯17772134158', NULL, NULL, NULL, NULL, '2026-05-31 04:31:09', '2026-05-31 04:31:09'),
  (269, 269, '任五平', '支书', '13837992215', NULL, NULL, NULL, NULL, NULL, NULL, NULL, NULL, NULL, NULL, NULL, NULL, NULL, NULL, '李岩虹13937957098', NULL, NULL, NULL, NULL, '2026-05-31 04:31:09', '2026-05-31 04:31:09'),
  (270, 270, '吴义国', '支书', '13461069816', '干涧沟小学', '村庄主路', NULL, NULL, NULL, NULL, NULL, NULL, NULL, NULL, NULL, NULL, NULL, NULL, '李玉梅13838890229', NULL, NULL, NULL, NULL, '2026-05-31 04:31:09', '2026-05-31 04:31:09'),
  (271, 271, '张建庄', '支书', '17538526689', '村委', '红坡至村委', NULL, NULL, NULL, NULL, NULL, NULL, NULL, NULL, NULL, NULL, NULL, NULL, '张习习19939850560', NULL, NULL, NULL, NULL, '2026-05-31 04:31:09', '2026-05-31 04:31:09'),
  (272, 272, '任五平', '支书', '13837992215', '南庄村中学', '宾馆、面粉厂、纺纱厂撤离至南庄中学', NULL, NULL, NULL, NULL, NULL, NULL, NULL, NULL, NULL, NULL, NULL, NULL, '李岩虹13937957098', NULL, NULL, NULL, NULL, '2026-05-31 04:31:09', '2026-05-31 04:31:09'),
  (273, 273, '吴义国', '支书', '13461069816', '干涧沟小学', '村庄主路', NULL, NULL, NULL, NULL, NULL, NULL, NULL, NULL, NULL, NULL, NULL, NULL, '李玉梅13838890229', NULL, NULL, NULL, NULL, '2026-05-31 04:31:09', '2026-05-31 04:31:09'),
  (274, 274, '张建庄', '支书', '17538526689', '村委', '红坡至村委', NULL, NULL, NULL, NULL, NULL, NULL, NULL, NULL, NULL, NULL, NULL, NULL, '张习习19939850560', NULL, NULL, NULL, NULL, '2026-05-31 04:31:09', '2026-05-31 04:31:09'),
  (275, 275, '任五平', '支书', '13837992215', '小河南', '小河南片区撤离至中学', NULL, NULL, NULL, NULL, NULL, NULL, NULL, NULL, NULL, NULL, NULL, NULL, '李岩虹13937957098', NULL, NULL, NULL, NULL, '2026-05-31 04:31:09', '2026-05-31 04:31:09'),
  (276, 276, '任波洋', '村委委员', '15038604212', '干涧沟小学', '村主路', NULL, NULL, NULL, NULL, NULL, NULL, NULL, NULL, NULL, NULL, NULL, NULL, '李玉梅13838890229', NULL, NULL, NULL, NULL, '2026-05-31 04:31:09', '2026-05-31 04:31:09'),
  (277, 277, '杜振华', '村委委员', '18338822058', '村委', '红坡至村委', NULL, NULL, NULL, NULL, NULL, NULL, NULL, NULL, NULL, NULL, NULL, NULL, '张习习19939850560', NULL, NULL, NULL, NULL, '2026-05-31 04:31:09', '2026-05-31 04:31:09'),
  (278, 278, '任五平', '支书', '13837992215', '至南庄中学', '小河南片区、柿树坡淹没地区、三、四、五组淹没地区', NULL, NULL, NULL, NULL, NULL, NULL, NULL, NULL, NULL, NULL, NULL, NULL, '李岩虹13937957098', NULL, NULL, NULL, NULL, '2026-05-31 04:31:09', '2026-05-31 04:31:09'),
  (279, 279, '王秀芳', '村委委员', '13643879652', NULL, '村主干道', NULL, NULL, NULL, NULL, NULL, NULL, NULL, NULL, NULL, NULL, NULL, NULL, '李玉梅13838890229', NULL, NULL, NULL, NULL, '2026-05-31 04:31:09', '2026-05-31 04:31:09'),
  (280, 280, '田改朝', '村委委员', '13613892626', '村委', '红坡至村委', NULL, NULL, NULL, NULL, NULL, NULL, NULL, NULL, NULL, NULL, NULL, NULL, '张习习19939850560', NULL, NULL, NULL, NULL, '2026-05-31 04:31:09', '2026-05-31 04:31:09'),
  (281, 281, '任五平', '支书', '13837992215', '全村', '全村基本全部淹没，群众撤离至陆浑服务区', NULL, NULL, NULL, NULL, NULL, NULL, NULL, NULL, NULL, NULL, NULL, NULL, '李岩虹13937957098', NULL, NULL, NULL, NULL, '2026-05-31 04:31:09', '2026-05-31 04:31:09'),
  (282, 282, '符公敏', '支部委员', '13838486332', '二组', '村主干道', NULL, NULL, NULL, NULL, NULL, NULL, NULL, NULL, NULL, NULL, NULL, NULL, '李玉梅13838890229', NULL, NULL, NULL, NULL, '2026-05-31 04:31:09', '2026-05-31 04:31:09'),
  (283, 283, '李石头', '监委委员', '13403798418', '文化大院', '嵩汝路至文化大院', NULL, NULL, NULL, NULL, NULL, NULL, NULL, NULL, NULL, NULL, NULL, NULL, '张习习19939850560', NULL, NULL, NULL, NULL, '2026-05-31 04:31:09', '2026-05-31 04:31:09'),
  (284, 284, '贾俊峰', '支部书记', '15517928999', '齐家坡', '天城路到齐家坡', NULL, NULL, NULL, NULL, NULL, NULL, NULL, NULL, NULL, NULL, NULL, NULL, '杨孟锐副镇长', NULL, NULL, NULL, NULL, '2026-05-31 04:31:09', '2026-05-31 04:31:09'),
  (285, 285, '靳松鹏', '支部书记', '13938853757', '叶岭后坡', '无', NULL, NULL, NULL, NULL, NULL, NULL, NULL, NULL, NULL, NULL, NULL, NULL, '董延波人大主席', NULL, NULL, NULL, NULL, '2026-05-31 04:31:09', '2026-05-31 04:31:09'),
  (286, 286, '段献武', '支部书记', '13949210151', '南街小学', '金城路东四街至南街小学', NULL, NULL, NULL, NULL, NULL, NULL, NULL, NULL, NULL, NULL, NULL, NULL, '董延波人大主席', NULL, NULL, NULL, NULL, '2026-05-31 04:31:09', '2026-05-31 04:31:09'),
  (287, 287, '李亚兰', '支部书记', '15824924990', '叠翠山', '金城路、白云大道、翠三街、春晓街、东四街至叠翠山', NULL, NULL, NULL, NULL, NULL, NULL, NULL, NULL, NULL, NULL, NULL, NULL, '高丽明', NULL, NULL, NULL, NULL, '2026-05-31 04:31:09', '2026-05-31 04:31:09'),
  (288, 288, '杨春立', '支部书记', '15236212222', '县城后山', '人民路、广源街、翠三街至县城后山', NULL, NULL, NULL, NULL, NULL, NULL, NULL, NULL, NULL, NULL, NULL, NULL, '石卡峰副书记', NULL, NULL, NULL, NULL, '2026-05-31 04:31:09', '2026-05-31 04:31:09'),
  (289, 289, '田红民', '支部书记', '13937933079', '县城后山', '三叉路口六小至县城后山', NULL, NULL, NULL, NULL, NULL, NULL, NULL, NULL, NULL, NULL, NULL, NULL, '黄会霞纪委书记', NULL, NULL, NULL, NULL, '2026-05-31 04:31:09', '2026-05-31 04:31:09'),
  (290, 290, '郭锐', '支部书记', '13698867925', '无', '无', NULL, NULL, NULL, NULL, NULL, NULL, NULL, NULL, NULL, NULL, NULL, NULL, '刘雅琪副镇长', NULL, NULL, NULL, NULL, '2026-05-31 04:31:09', '2026-05-31 04:31:09'),
  (291, 291, '刘正建', '支部书记', '13937980597', '县城后山', '人民路、永安街、石磊街、两程路至县城后山', NULL, NULL, NULL, NULL, NULL, NULL, NULL, NULL, NULL, NULL, NULL, NULL, '祁若阳组织委员', NULL, NULL, NULL, NULL, '2026-05-31 04:31:09', '2026-05-31 04:31:09'),
  (292, 292, '贾俊峰', '支部书记', '15517928999', '齐家坡', '书院街到齐家坡', NULL, NULL, NULL, NULL, NULL, NULL, NULL, NULL, NULL, NULL, NULL, NULL, '杨孟锐副镇长', NULL, NULL, NULL, NULL, '2026-05-31 04:31:09', '2026-05-31 04:31:09'),
  (293, 293, '靳松鹏', '支部书记', '13938853757', '齐家坡', '嵩州路至齐家坡', NULL, NULL, NULL, NULL, NULL, NULL, NULL, NULL, NULL, NULL, NULL, NULL, '董延波人大主席', NULL, NULL, NULL, NULL, '2026-05-31 04:31:09', '2026-05-31 04:31:09'),
  (294, 294, '段献武', '支部书记', '13949210151', '齐家坡、叠翠山公园', '金城路书院街至齐家坡、叠翠山公园', NULL, NULL, NULL, NULL, NULL, NULL, NULL, NULL, NULL, NULL, NULL, NULL, '董延波人大主席', NULL, NULL, NULL, NULL, '2026-05-31 04:31:09', '2026-05-31 04:31:09'),
  (295, 295, '李亚兰', '支部书记', '15824924990', '叠翠山', '金城路、白云大道、翠三街、春晓街、东四街至叠翠山', NULL, NULL, NULL, NULL, NULL, NULL, NULL, NULL, NULL, NULL, NULL, NULL, '高丽明', NULL, NULL, NULL, NULL, '2026-05-31 04:31:09', '2026-05-31 04:31:09'),
  (296, 296, '杨春立', '支部书记', '15236212222', '县城后山', '人民路、广源街、翠三街至县城后山', NULL, NULL, NULL, NULL, NULL, NULL, NULL, NULL, NULL, NULL, NULL, NULL, '石卡峰副书记', NULL, NULL, NULL, NULL, '2026-05-31 04:31:09', '2026-05-31 04:31:09'),
  (297, 297, '田红民', '支部书记', '13937933079', '县城后山', '石磊街、两程路至后山', NULL, NULL, NULL, NULL, NULL, NULL, NULL, NULL, NULL, NULL, NULL, NULL, '黄会霞纪委书记', NULL, NULL, NULL, NULL, '2026-05-31 04:31:09', '2026-05-31 04:31:09'),
  (298, 298, '郭锐', '支部书记', '13698867925', '县政府后山', '嵩州路、迎宾街、招油路至县政府后山', NULL, NULL, NULL, NULL, NULL, NULL, NULL, NULL, NULL, NULL, NULL, NULL, '刘雅琪副镇长', NULL, NULL, NULL, NULL, '2026-05-31 04:31:09', '2026-05-31 04:31:09'),
  (299, 299, '刘正建', '支部书记', '13937980597', '县城后山', '人民路、永安街、石磊街、两程路至县城后山', NULL, NULL, NULL, NULL, NULL, NULL, NULL, NULL, NULL, NULL, NULL, NULL, '祁若阳组织委员', NULL, NULL, NULL, NULL, '2026-05-31 04:31:09', '2026-05-31 04:31:09'),
  (300, 300, '贾俊峰', '支部书记', '15517928999', '齐家坡', '上仓街、嵩州路到齐家坡', NULL, NULL, NULL, NULL, NULL, NULL, NULL, NULL, NULL, NULL, NULL, NULL, '杨孟锐副镇长', NULL, NULL, NULL, NULL, '2026-05-31 04:31:09', '2026-05-31 04:31:09');

INSERT INTO evacuation_details (id, village_id, contact_name, contact_title, contact_phone, evacuation_location, evacuation_route, evacuation_method, evacuation_time_warning, evacuation_time_flood, vulnerable_groups, assistance_needed, required_materials, material_quantity, region, department, responsibility, discharge_range, flow_rate, resettlement_person, resettlement_phone, transfer_person, transfer_person_phone, remark, created_at, updated_at) VALUES
  (301, 301, '姬静芹', '支部书记', '13903889587', '北园后坡', '北叶路至北园后坡', NULL, NULL, NULL, NULL, NULL, NULL, NULL, NULL, NULL, NULL, NULL, NULL, '杨孟锐副镇长', NULL, NULL, NULL, NULL, '2026-05-31 04:31:09', '2026-05-31 04:31:09'),
  (302, 302, '靳松鹏', '支部书记', '13938853757', '奶奶庙坡', '羊蹄沟至奶奶庙坡', NULL, NULL, NULL, NULL, NULL, NULL, NULL, NULL, NULL, NULL, NULL, NULL, '董延波人大主席', NULL, NULL, NULL, NULL, '2026-05-31 04:31:09', '2026-05-31 04:31:09'),
  (303, 303, '段献武', '支部书记', '13949210151', '齐家坡、叠翠山公园', '嵩州路至叠翠山公园', NULL, NULL, NULL, NULL, NULL, NULL, NULL, NULL, NULL, NULL, NULL, NULL, '董延波人大主席', NULL, NULL, NULL, NULL, '2026-05-31 04:31:09', '2026-05-31 04:31:09'),
  (304, 304, '李亚兰', '支部书记', '15824924990', '叠翠山', '金城路、白云大道、翠三街、春晓街、东四街至叠翠山', NULL, NULL, NULL, NULL, NULL, NULL, NULL, NULL, NULL, NULL, NULL, NULL, '高丽明', NULL, NULL, NULL, NULL, '2026-05-31 04:31:09', '2026-05-31 04:31:09'),
  (305, 305, '杨春立', '支部书记', '15236212222', '县城后山', '人民路、广源街、翠三街至县城后山', NULL, NULL, NULL, NULL, NULL, NULL, NULL, NULL, NULL, NULL, NULL, NULL, '石卡峰副书记', NULL, NULL, NULL, NULL, '2026-05-31 04:31:09', '2026-05-31 04:31:09'),
  (306, 306, '田红民', '支部书记', '13937933079', '县城后山', '于沟路、北里路至县城后山', NULL, NULL, NULL, NULL, NULL, NULL, NULL, NULL, NULL, NULL, NULL, NULL, '黄会霞纪委书记', NULL, NULL, NULL, NULL, '2026-05-31 04:31:09', '2026-05-31 04:31:09'),
  (307, 307, '郭锐', '支部书记', '13698867925', '县政府后山', '嵩州路、迎宾街、招油路至县政府后山', NULL, NULL, NULL, NULL, NULL, NULL, NULL, NULL, NULL, NULL, NULL, NULL, '刘雅琪副镇长', NULL, NULL, NULL, NULL, '2026-05-31 04:31:09', '2026-05-31 04:31:09'),
  (308, 308, '刘正建', '支部书记', '13937980597', '县城后山', '人民路、永安街、石磊街、两程路至县城后山', NULL, NULL, NULL, NULL, NULL, NULL, NULL, NULL, NULL, NULL, NULL, NULL, '祁若阳组织委员', NULL, NULL, NULL, NULL, '2026-05-31 04:31:09', '2026-05-31 04:31:09'),
  (309, 309, NULL, NULL, NULL, '本村高地', NULL, NULL, NULL, NULL, NULL, NULL, NULL, NULL, '回郭镇', NULL, NULL, NULL, NULL, NULL, NULL, NULL, NULL, NULL, '2026-05-31 04:37:21', '2026-05-31 04:37:21'),
  (310, 310, NULL, NULL, NULL, '本村高地', NULL, NULL, NULL, NULL, NULL, NULL, NULL, NULL, NULL, NULL, NULL, NULL, NULL, NULL, NULL, NULL, NULL, NULL, '2026-05-31 04:37:21', '2026-05-31 04:37:21'),
  (311, 311, NULL, NULL, NULL, '本村高地', NULL, NULL, NULL, NULL, NULL, NULL, NULL, NULL, NULL, NULL, NULL, NULL, NULL, NULL, NULL, NULL, NULL, NULL, '2026-05-31 04:37:21', '2026-05-31 04:37:21'),
  (312, 312, NULL, NULL, NULL, '1、楼顶  2、本村高地  3、南部丘陵', NULL, NULL, NULL, NULL, NULL, NULL, NULL, NULL, NULL, NULL, NULL, NULL, NULL, NULL, NULL, NULL, NULL, NULL, '2026-05-31 04:37:21', '2026-05-31 04:37:21'),
  (313, 313, NULL, NULL, NULL, '1、楼顶  2、本村高地  3、南部丘陵', NULL, NULL, NULL, NULL, NULL, NULL, NULL, NULL, NULL, NULL, NULL, NULL, NULL, NULL, NULL, NULL, NULL, NULL, '2026-05-31 04:37:21', '2026-05-31 04:37:21'),
  (314, 314, NULL, NULL, NULL, '1、楼顶  2、本村高地  3、南部丘陵', NULL, NULL, NULL, NULL, NULL, NULL, NULL, NULL, NULL, NULL, NULL, NULL, NULL, NULL, NULL, NULL, NULL, NULL, '2026-05-31 04:37:21', '2026-05-31 04:37:21'),
  (315, 315, NULL, NULL, NULL, '1、楼顶  2、本村高地  3、南部丘陵', NULL, NULL, NULL, NULL, NULL, NULL, NULL, NULL, NULL, NULL, NULL, NULL, NULL, NULL, NULL, NULL, NULL, NULL, '2026-05-31 04:37:21', '2026-05-31 04:37:21'),
  (316, 316, NULL, NULL, NULL, '1、本村高地  2、南部丘陵', NULL, NULL, NULL, NULL, NULL, NULL, NULL, NULL, NULL, NULL, NULL, NULL, NULL, NULL, NULL, NULL, NULL, NULL, '2026-05-31 04:37:21', '2026-05-31 04:37:21'),
  (317, 317, NULL, NULL, NULL, '1、本村高地  2、南部丘陵', NULL, NULL, NULL, NULL, NULL, NULL, NULL, NULL, NULL, NULL, NULL, NULL, NULL, NULL, NULL, NULL, NULL, NULL, '2026-05-31 04:37:21', '2026-05-31 04:37:21'),
  (318, 318, NULL, NULL, NULL, '1、本村高地  2、南部丘陵', NULL, NULL, NULL, NULL, NULL, NULL, NULL, NULL, NULL, NULL, NULL, NULL, NULL, NULL, NULL, NULL, NULL, NULL, '2026-05-31 04:37:21', '2026-05-31 04:37:21'),
  (319, 319, NULL, NULL, NULL, '1、本村高地  2、南部丘陵', NULL, NULL, NULL, NULL, NULL, NULL, NULL, NULL, NULL, NULL, NULL, NULL, NULL, NULL, NULL, NULL, NULL, NULL, '2026-05-31 04:37:21', '2026-05-31 04:37:21'),
  (320, 320, NULL, NULL, NULL, '1、本村高地  2、南部丘陵', NULL, NULL, NULL, NULL, NULL, NULL, NULL, NULL, NULL, NULL, NULL, NULL, NULL, NULL, NULL, NULL, NULL, NULL, '2026-05-31 04:37:21', '2026-05-31 04:37:21'),
  (321, 321, NULL, NULL, NULL, '1、本村高地  2、南部丘陵', NULL, NULL, NULL, NULL, NULL, NULL, NULL, NULL, NULL, NULL, NULL, NULL, NULL, NULL, NULL, NULL, NULL, NULL, '2026-05-31 04:37:21', '2026-05-31 04:37:21'),
  (322, 322, NULL, NULL, NULL, '1、本村高地  2、南部丘陵', NULL, NULL, NULL, NULL, NULL, NULL, NULL, NULL, NULL, NULL, NULL, NULL, NULL, NULL, NULL, NULL, NULL, NULL, '2026-05-31 04:37:21', '2026-05-31 04:37:21'),
  (323, 323, NULL, NULL, NULL, '1、本村高地  2、南部丘陵', NULL, NULL, NULL, NULL, NULL, NULL, NULL, NULL, NULL, NULL, NULL, NULL, NULL, NULL, NULL, NULL, NULL, NULL, '2026-05-31 04:37:21', '2026-05-31 04:37:21'),
  (324, 324, NULL, NULL, NULL, '本村高地', NULL, NULL, NULL, NULL, NULL, NULL, NULL, NULL, NULL, NULL, NULL, NULL, NULL, NULL, NULL, NULL, NULL, NULL, '2026-05-31 04:37:21', '2026-05-31 04:37:21'),
  (325, 325, NULL, NULL, NULL, '本村高地', NULL, NULL, NULL, NULL, NULL, NULL, NULL, NULL, '芝田镇', NULL, NULL, NULL, NULL, NULL, NULL, NULL, NULL, NULL, '2026-05-31 04:37:21', '2026-05-31 04:37:21'),
  (326, 326, NULL, NULL, NULL, '本村高地', NULL, NULL, NULL, NULL, NULL, NULL, NULL, NULL, NULL, NULL, NULL, NULL, NULL, NULL, NULL, NULL, NULL, NULL, '2026-05-31 04:37:21', '2026-05-31 04:37:21'),
  (327, 327, NULL, NULL, NULL, '本村高地', NULL, NULL, NULL, NULL, NULL, NULL, NULL, NULL, '杜甫办', NULL, NULL, NULL, NULL, NULL, NULL, NULL, NULL, NULL, '2026-05-31 04:37:21', '2026-05-31 04:37:21'),
  (328, 328, NULL, NULL, NULL, '1、本村高地  2、东部城区', NULL, NULL, NULL, NULL, NULL, NULL, NULL, NULL, '孝义办', NULL, NULL, NULL, NULL, NULL, NULL, NULL, NULL, NULL, '2026-05-31 04:37:21', '2026-05-31 04:37:21'),
  (329, 329, NULL, NULL, NULL, '1、本村高地  2、东部城区', NULL, NULL, NULL, NULL, NULL, NULL, NULL, NULL, NULL, NULL, NULL, NULL, NULL, NULL, NULL, NULL, NULL, NULL, '2026-05-31 04:37:21', '2026-05-31 04:37:21'),
  (330, 330, NULL, NULL, NULL, '1、本村高地  2、东部城区', NULL, NULL, NULL, NULL, NULL, NULL, NULL, NULL, NULL, NULL, NULL, NULL, NULL, NULL, NULL, NULL, NULL, NULL, '2026-05-31 04:37:21', '2026-05-31 04:37:21'),
  (331, 331, NULL, NULL, NULL, '1、本村高地  2、东部城区', NULL, NULL, NULL, NULL, NULL, NULL, NULL, NULL, NULL, NULL, NULL, NULL, NULL, NULL, NULL, NULL, NULL, NULL, '2026-05-31 04:37:21', '2026-05-31 04:37:21'),
  (332, 332, NULL, NULL, NULL, '1、本村高地  2、东部城区', NULL, NULL, NULL, NULL, NULL, NULL, NULL, NULL, NULL, NULL, NULL, NULL, NULL, NULL, NULL, NULL, NULL, NULL, '2026-05-31 04:37:21', '2026-05-31 04:37:21'),
  (333, 333, NULL, NULL, NULL, '1、本村高地  2、东部城区', NULL, NULL, NULL, NULL, NULL, NULL, NULL, NULL, NULL, NULL, NULL, NULL, NULL, NULL, NULL, NULL, NULL, NULL, '2026-05-31 04:37:21', '2026-05-31 04:37:21'),
  (334, 334, NULL, NULL, NULL, '1、本村高地  2、东部城区', NULL, NULL, NULL, NULL, NULL, NULL, NULL, NULL, NULL, NULL, NULL, NULL, NULL, NULL, NULL, NULL, NULL, NULL, '2026-05-31 04:37:21', '2026-05-31 04:37:21'),
  (335, 335, NULL, NULL, NULL, '1、本村高地  2、东部城区', NULL, NULL, NULL, NULL, NULL, NULL, NULL, NULL, NULL, NULL, NULL, NULL, NULL, NULL, NULL, NULL, NULL, NULL, '2026-05-31 04:37:21', '2026-05-31 04:37:21'),
  (336, 336, NULL, NULL, NULL, '贺尧村', NULL, NULL, NULL, NULL, NULL, NULL, NULL, NULL, '站街镇', NULL, NULL, NULL, NULL, NULL, NULL, NULL, NULL, NULL, '2026-05-31 04:37:21', '2026-05-31 04:37:21'),
  (337, 337, NULL, NULL, NULL, '东部丘陵', NULL, NULL, NULL, NULL, NULL, NULL, NULL, NULL, NULL, NULL, NULL, NULL, NULL, NULL, NULL, NULL, NULL, NULL, '2026-05-31 04:37:21', '2026-05-31 04:37:21'),
  (338, 338, NULL, NULL, NULL, '东部丘陵', NULL, NULL, NULL, NULL, NULL, NULL, NULL, NULL, NULL, NULL, NULL, NULL, NULL, NULL, NULL, NULL, NULL, NULL, '2026-05-31 04:37:21', '2026-05-31 04:37:21'),
  (339, 339, NULL, NULL, NULL, '西部邙陵', NULL, NULL, NULL, NULL, NULL, NULL, NULL, NULL, '康店镇', NULL, NULL, NULL, NULL, NULL, NULL, NULL, NULL, NULL, '2026-05-31 04:37:21', '2026-05-31 04:37:21'),
  (340, 340, NULL, NULL, NULL, '西部邙陵', NULL, NULL, NULL, NULL, NULL, NULL, NULL, NULL, NULL, NULL, NULL, NULL, NULL, NULL, NULL, NULL, NULL, NULL, '2026-05-31 04:37:21', '2026-05-31 04:37:21'),
  (341, 341, NULL, NULL, NULL, '西部邙陵', NULL, NULL, NULL, NULL, NULL, NULL, NULL, NULL, NULL, NULL, NULL, NULL, NULL, NULL, NULL, NULL, NULL, NULL, '2026-05-31 04:37:21', '2026-05-31 04:37:21'),
  (342, 342, NULL, NULL, NULL, '西部邙陵', NULL, NULL, NULL, NULL, NULL, NULL, NULL, NULL, NULL, NULL, NULL, NULL, NULL, NULL, NULL, NULL, NULL, NULL, '2026-05-31 04:37:21', '2026-05-31 04:37:21'),
  (343, 343, NULL, NULL, NULL, '西部邙陵', NULL, NULL, NULL, NULL, NULL, NULL, NULL, NULL, NULL, NULL, NULL, NULL, NULL, NULL, NULL, NULL, NULL, NULL, '2026-05-31 04:37:21', '2026-05-31 04:37:21'),
  (344, 344, NULL, NULL, NULL, '北部邙陵', NULL, NULL, NULL, NULL, NULL, NULL, NULL, NULL, '河洛镇', NULL, NULL, NULL, NULL, NULL, NULL, NULL, NULL, NULL, '2026-05-31 04:37:21', '2026-05-31 04:37:21'),
  (345, 345, NULL, NULL, NULL, '北部邙陵', NULL, NULL, NULL, NULL, NULL, NULL, NULL, NULL, NULL, NULL, NULL, NULL, NULL, NULL, NULL, NULL, NULL, NULL, '2026-05-31 04:37:21', '2026-05-31 04:37:21'),
  (346, 346, NULL, NULL, NULL, '北部邙陵', NULL, NULL, NULL, NULL, NULL, NULL, NULL, NULL, NULL, NULL, NULL, NULL, NULL, NULL, NULL, NULL, NULL, NULL, '2026-05-31 04:37:21', '2026-05-31 04:37:21'),
  (347, 347, NULL, NULL, NULL, '北部邙陵', NULL, NULL, NULL, NULL, NULL, NULL, NULL, NULL, NULL, NULL, NULL, NULL, NULL, NULL, NULL, NULL, NULL, NULL, '2026-05-31 04:37:21', '2026-05-31 04:37:21'),
  (348, 348, NULL, NULL, NULL, '北部邙陵', NULL, NULL, NULL, NULL, NULL, NULL, NULL, NULL, NULL, NULL, NULL, NULL, NULL, NULL, NULL, NULL, NULL, NULL, '2026-05-31 04:37:21', '2026-05-31 04:37:21'),
  (349, 349, NULL, NULL, NULL, '北部邙陵', NULL, NULL, NULL, NULL, NULL, NULL, NULL, NULL, NULL, NULL, NULL, NULL, NULL, NULL, NULL, NULL, NULL, NULL, '2026-05-31 04:37:21', '2026-05-31 04:37:21'),
  (350, 350, NULL, NULL, NULL, '北部邙陵', NULL, NULL, NULL, NULL, NULL, NULL, NULL, NULL, NULL, NULL, NULL, NULL, NULL, NULL, NULL, NULL, NULL, NULL, '2026-05-31 04:37:21', '2026-05-31 04:37:21');

INSERT INTO evacuation_details (id, village_id, contact_name, contact_title, contact_phone, evacuation_location, evacuation_route, evacuation_method, evacuation_time_warning, evacuation_time_flood, vulnerable_groups, assistance_needed, required_materials, material_quantity, region, department, responsibility, discharge_range, flow_rate, resettlement_person, resettlement_phone, transfer_person, transfer_person_phone, remark, created_at, updated_at) VALUES
  (351, 351, NULL, NULL, NULL, '北部邙陵', NULL, NULL, NULL, NULL, NULL, NULL, NULL, NULL, NULL, NULL, NULL, NULL, NULL, NULL, NULL, NULL, NULL, NULL, '2026-05-31 04:37:21', '2026-05-31 04:37:21'),
  (352, 352, NULL, NULL, NULL, '西部邙陵', NULL, NULL, NULL, NULL, NULL, NULL, NULL, NULL, NULL, NULL, NULL, NULL, NULL, NULL, NULL, NULL, NULL, NULL, '2026-05-31 04:37:21', '2026-05-31 04:37:21'),
  (353, 353, NULL, NULL, NULL, '西部邙陵', NULL, NULL, NULL, NULL, NULL, NULL, NULL, NULL, NULL, NULL, NULL, NULL, NULL, NULL, NULL, NULL, NULL, NULL, '2026-05-31 04:37:21', '2026-05-31 04:37:21'),
  (354, 354, NULL, NULL, NULL, '东部丘陵', NULL, NULL, NULL, NULL, NULL, NULL, NULL, NULL, NULL, NULL, NULL, NULL, NULL, NULL, NULL, NULL, NULL, NULL, '2026-05-31 04:37:21', '2026-05-31 04:37:21'),
  (355, 355, NULL, NULL, NULL, '村庄名称', '迁移路线', NULL, NULL, NULL, NULL, NULL, NULL, NULL, NULL, '负责单位', NULL, NULL, NULL, NULL, NULL, NULL, NULL, NULL, '2026-05-31 04:37:21', '2026-05-31 04:37:21'),
  (356, 356, NULL, NULL, NULL, '油店 牙庄 关窑 张窑 蔺窑 光明 马洼', '由岳佃路往北经310国道、杜甫大道向北转移', NULL, NULL, NULL, NULL, NULL, NULL, NULL, NULL, '岳滩镇政府及相关村委', NULL, NULL, NULL, NULL, NULL, NULL, NULL, NULL, '2026-05-31 04:37:21', '2026-05-31 04:37:21'),
  (357, 357, NULL, NULL, NULL, '程子沟 布村 马河 李庄 化寨 柏谷坞 官庄 缑氏 王湾 郑窑 金屯 扒头 滹沱', '由岳安路往东经310国道、杜甫大道向南转移', NULL, NULL, NULL, NULL, NULL, NULL, NULL, NULL, NULL, NULL, NULL, NULL, NULL, NULL, NULL, NULL, NULL, '2026-05-31 04:37:21', '2026-05-31 04:37:21'),
  (358, 358, NULL, NULL, NULL, '刘坡 东蔡庄 西蔡庄 赵坡 杨庄 兰庄 省庄 牛庄 牛新 吉沟 周山  丁门口', '由岳佃路往西上207国道向北转移', NULL, NULL, NULL, NULL, NULL, NULL, NULL, NULL, '翟镇镇政府及相关村委', NULL, NULL, NULL, NULL, NULL, NULL, NULL, NULL, '2026-05-31 04:37:21', '2026-05-31 04:37:21'),
  (359, 359, NULL, NULL, NULL, NULL, NULL, NULL, NULL, NULL, NULL, NULL, NULL, NULL, NULL, NULL, NULL, NULL, NULL, NULL, NULL, NULL, NULL, NULL, '2026-05-31 04:37:21', '2026-05-31 04:37:21'),
  (360, 360, NULL, NULL, NULL, '郭村 温村 韩村 草庙 铁村 马村 董村 焦村 吕桥 西寨 肖村 曹寨 大口', '由岳安路上207国道向南转移', NULL, NULL, NULL, NULL, NULL, NULL, NULL, NULL, NULL, NULL, NULL, NULL, NULL, NULL, NULL, NULL, NULL, '2026-05-31 04:37:21', '2026-05-31 04:37:21'),
  (361, 361, NULL, NULL, NULL, NULL, NULL, NULL, NULL, NULL, NULL, NULL, NULL, NULL, NULL, NULL, NULL, NULL, NULL, NULL, NULL, NULL, NULL, NULL, '2026-05-31 04:37:21', '2026-05-31 04:37:21'),
  (362, 362, NULL, NULL, NULL, '安滩 回龙湾', '向本镇安全地带转移', NULL, NULL, NULL, NULL, NULL, NULL, NULL, NULL, '顾县镇政府及相关村委', NULL, NULL, NULL, NULL, NULL, NULL, NULL, NULL, '2026-05-31 04:37:21', '2026-05-31 04:37:21'),
  (363, 363, NULL, NULL, NULL, '槐庙  新新 新城 北窑 窑头', '就近道路经市区向北转移', NULL, NULL, NULL, NULL, NULL, NULL, NULL, NULL, '伊洛街道办、槐新街道办及相关村委会', NULL, NULL, NULL, NULL, NULL, NULL, NULL, NULL, '2026-05-31 04:37:21', '2026-05-31 04:37:21'),
  (364, 364, NULL, NULL, NULL, NULL, NULL, NULL, NULL, NULL, NULL, NULL, NULL, NULL, NULL, NULL, NULL, NULL, NULL, NULL, NULL, NULL, NULL, NULL, '2026-05-31 04:37:21', '2026-05-31 04:37:21'),
  (365, 365, NULL, NULL, NULL, '杏园 石硖', '往北过310国道向北转移', NULL, NULL, NULL, NULL, NULL, NULL, NULL, NULL, '商城街道办', NULL, NULL, NULL, NULL, NULL, NULL, NULL, NULL, '2026-05-31 04:37:21', '2026-05-31 04:37:21'),
  (366, 366, NULL, NULL, NULL, '沟口头 香玉 石桥 坟庄 寨后', '往北过310国道向北转移', NULL, NULL, NULL, NULL, NULL, NULL, NULL, NULL, '首阳山街道办及相关村委', NULL, NULL, NULL, NULL, NULL, NULL, NULL, NULL, '2026-05-31 04:37:21', '2026-05-31 04:37:21'),
  (367, 367, NULL, NULL, NULL, '羊二庄 寺里碑 韩旗 保庄', NULL, NULL, NULL, NULL, NULL, NULL, NULL, NULL, NULL, NULL, NULL, NULL, NULL, NULL, NULL, NULL, NULL, NULL, '2026-05-31 04:37:21', '2026-05-31 04:37:21'),
  (368, 368, NULL, NULL, NULL, '王窑', '向本镇安全地带转移', NULL, NULL, NULL, NULL, NULL, NULL, NULL, NULL, '山化镇政府及相关村委', NULL, NULL, NULL, NULL, NULL, NULL, NULL, NULL, '2026-05-31 04:37:21', '2026-05-31 04:37:21'),
  (369, 369, NULL, '物资统计', NULL, NULL, NULL, NULL, NULL, NULL, NULL, NULL, NULL, NULL, NULL, NULL, NULL, NULL, NULL, NULL, NULL, NULL, NULL, '纺织袋(万条)=10.0; 铅丝（吨）=100.0; 救生衣（件）=1000.0; 柴油（吨）=60.0; 汽油（吨）=60.0; 铁锨（张）=5000.0', '2026-05-31 04:37:21', '2026-05-31 04:37:21'),
  (370, 370, NULL, '物资统计', NULL, NULL, NULL, NULL, NULL, NULL, NULL, NULL, NULL, NULL, NULL, NULL, NULL, NULL, NULL, NULL, NULL, NULL, NULL, '麻袋 (万条)=3.02; 纺织袋(万条)=6.15; 纺织布(万平方米)=0.04; 铅丝（吨）=15.4; 桩木（立方米）=60.0; 块石             (万立方米)=0.3; 砂石料(万立方米)=0.4; 救生圈（只）=100.0; 电线 (万米)=0.4; 灯泡（只）=150.0; 铁锨（张）=770.0; 锨把                    抬杠（根）=30.0; 绳 （米）=300.0', '2026-05-31 04:37:21', '2026-05-31 04:37:21'),
  (371, 371, NULL, '物资统计', NULL, NULL, NULL, NULL, NULL, NULL, NULL, NULL, NULL, NULL, NULL, NULL, NULL, NULL, NULL, NULL, NULL, NULL, NULL, '麻袋 (万条)=3.0; 纺织袋(万条)=6.0; 纺织布(万平方米)=0.02; 铅丝（吨）=15.0; 桩木（立方米）=60.0; 块石             (万立方米)=0.3; 砂石料(万立方米)=0.4; 电线 (万米)=0.3; 铁锨（张）=500.0', '2026-05-31 04:37:21', '2026-05-31 04:37:21'),
  (372, 372, NULL, '物资统计', NULL, NULL, NULL, NULL, NULL, NULL, NULL, NULL, NULL, NULL, NULL, NULL, NULL, NULL, NULL, NULL, NULL, NULL, NULL, '麻袋 (万条)=0.02; 纺织袋(万条)=0.15; 纺织布(万平方米)=0.02; 铅丝（吨）=0.4; 救生圈（只）=100.0; 电线 (万米)=0.1; 灯泡（只）=150.0; 铁锨（张）=200.0; 锨把                    抬杠（根）=30.0; 绳 （米）=300.0', '2026-05-31 04:37:21', '2026-05-31 04:37:21'),
  (373, 373, NULL, '物资统计', NULL, NULL, NULL, NULL, NULL, NULL, NULL, NULL, NULL, NULL, NULL, NULL, NULL, NULL, NULL, NULL, NULL, NULL, NULL, '麻袋 (万条)=1.0; 纺织袋(万条)=31.49; 纺织布(万平方米)=1.6; 土工布(万平方米)=0.0; 铅丝（吨）=66.0; 桩木（立方米）=43.6; 块石             (万立方米)=0.14; 砂石料(万立方米)=0.42; 救生衣（件）=1960.0; 救生圈（只）=860.0; 橡皮船（只）=13.0; 冲锋舟（艘）=8.0; 柴油（吨）=0.0; 汽油（吨）=0.0; 电线 (万米)=0.0; 灯泡（只）=0.0; 铁锨（张）=500.0; 锨把                    抬杠（根）=0.0; 绳 （米）=0.0', '2026-05-31 04:37:21', '2026-05-31 04:37:21'),
  (374, 374, NULL, '物资统计', NULL, NULL, NULL, NULL, NULL, NULL, NULL, NULL, NULL, NULL, NULL, NULL, NULL, NULL, NULL, NULL, NULL, NULL, NULL, '麻袋 (万条)=1.0; 纺织袋(万条)=29.49; 纺织布(万平方米)=1.6; 土工布(万平方米)=0.0; 铅丝（吨）=61.0; 桩木（立方米）=23.6; 块石             (万立方米)=0.14; 砂石料(万立方米)=0.42; 救生衣（件）=1560.0; 救生圈（只）=780.0; 橡皮船（只）=12.0; 冲锋舟（艘）=5.0; 柴油（吨）=0.0; 汽油（吨）=0.0; 电线 (万米)=0.0; 灯泡（只）=0.0; 铁锨（张）=500.0; 锨把                    抬杠（根）=0.0; 绳 （米）=0.0', '2026-05-31 04:37:21', '2026-05-31 04:37:21'),
  (375, 375, NULL, '物资统计', NULL, NULL, NULL, NULL, NULL, NULL, NULL, NULL, NULL, NULL, NULL, NULL, NULL, NULL, NULL, NULL, NULL, NULL, NULL, '纺织袋(万条)=1.5; 纺织布(万平方米)=1.6; 铅丝（吨）=4.0; 救生衣（件）=100.0; 橡皮船（只）=10.0', '2026-05-31 04:37:21', '2026-05-31 04:37:21'),
  (376, 376, NULL, '物资统计', NULL, NULL, NULL, NULL, NULL, NULL, NULL, NULL, NULL, NULL, NULL, NULL, NULL, NULL, NULL, NULL, NULL, NULL, NULL, '麻袋 (万条)=1.0; 纺织袋(万条)=5.0; 铅丝（吨）=3.0; 救生衣（件）=50.0; 救生圈（只）=30.0; 铁锨（张）=200.0', '2026-05-31 04:37:21', '2026-05-31 04:37:21'),
  (377, 377, NULL, '物资统计', NULL, NULL, NULL, NULL, NULL, NULL, NULL, NULL, NULL, NULL, NULL, NULL, NULL, NULL, NULL, NULL, NULL, NULL, NULL, '纺织袋(万条)=5.9; 铅丝（吨）=25.7; 桩木（立方米）=13.0; 块石             (万立方米)=0.06; 砂石料(万立方米)=0.22; 救生衣（件）=650.0; 救生圈（只）=480.0; 冲锋舟（艘）=3.0', '2026-05-31 04:37:21', '2026-05-31 04:37:21'),
  (378, 378, NULL, '物资统计', NULL, NULL, NULL, NULL, NULL, NULL, NULL, NULL, NULL, NULL, NULL, NULL, NULL, NULL, NULL, NULL, NULL, NULL, NULL, '纺织袋(万条)=10.0; 铅丝（吨）=16.0; 砂石料(万立方米)=0.2; 救生衣（件）=250.0; 救生圈（只）=120.0', '2026-05-31 04:37:21', '2026-05-31 04:37:21'),
  (379, 379, NULL, '物资统计', NULL, NULL, NULL, NULL, NULL, NULL, NULL, NULL, NULL, NULL, NULL, NULL, NULL, NULL, NULL, NULL, NULL, NULL, NULL, '纺织袋(万条)=7.09; 铅丝（吨）=12.3; 桩木（立方米）=10.6; 块石             (万立方米)=0.08; 救生衣（件）=510.0; 救生圈（只）=150.0; 橡皮船（只）=2.0; 冲锋舟（艘）=2.0; 铁锨（张）=300.0', '2026-05-31 04:37:21', '2026-05-31 04:37:21'),
  (380, 380, NULL, '物资统计', NULL, NULL, NULL, NULL, NULL, NULL, NULL, NULL, NULL, NULL, NULL, NULL, NULL, NULL, NULL, NULL, NULL, NULL, NULL, '纺织袋(万条)=2.0; 纺织布(万平方米)=0.0; 土工布(万平方米)=0.0; 铅丝（吨）=5.0; 桩木（立方米）=20.0; 块石             (万立方米)=0.0; 砂石料(万立方米)=0.0; 救生衣（件）=400.0; 救生圈（只）=80.0; 橡皮船（只）=1.0; 冲锋舟（艘）=3.0; 柴油（吨）=0.0; 汽油（吨）=0.0; 电线 (万米)=0.0; 灯泡（只）=0.0; 铁锨（张）=0.0; 锨把                    抬杠（根）=0.0; 绳 （米）=0.0', '2026-05-31 04:37:21', '2026-05-31 04:37:21'),
  (381, 381, NULL, '物资统计', NULL, NULL, NULL, NULL, NULL, NULL, NULL, NULL, NULL, NULL, NULL, NULL, NULL, NULL, NULL, NULL, NULL, NULL, NULL, '纺织袋(万条)=1.0; 救生衣（件）=200.0; 救生圈（只）=20.0; 橡皮船（只）=1.0; 冲锋舟（艘）=3.0', '2026-05-31 04:37:21', '2026-05-31 04:37:21'),
  (382, 382, NULL, '物资统计', NULL, NULL, NULL, NULL, NULL, NULL, NULL, NULL, NULL, NULL, NULL, NULL, NULL, NULL, NULL, NULL, NULL, NULL, NULL, '纺织袋(万条)=1.0; 铅丝（吨）=5.0; 桩木（立方米）=20.0; 救生衣（件）=200.0; 救生圈（只）=60.0', '2026-05-31 04:37:21', '2026-05-31 04:37:21'),
  (383, 383, NULL, '物资统计', NULL, NULL, NULL, NULL, NULL, NULL, NULL, NULL, NULL, NULL, NULL, NULL, NULL, NULL, NULL, NULL, NULL, NULL, NULL, '袋类            (万条)=5.84; 土工布  （平方米）=1000.0; 砂石料  （立方米）=30000.0; 块石          (立方米)=15000.0; 铅丝=0.003; 救生衣（件）=510.0; 铁锨=200; 冲锋舟（艘）=2.0; 救生圈（只）=20.0; 发电机       (千瓦)=1; 投光灯（只）=2.0; 便携灯=200; 电缆         （米）=500.0', '2026-05-31 04:37:21', '2026-05-31 04:37:21'),
  (384, 384, NULL, '物资统计', NULL, NULL, NULL, NULL, NULL, NULL, NULL, NULL, NULL, NULL, NULL, NULL, NULL, NULL, NULL, NULL, NULL, NULL, NULL, '袋类            (万条)=1.0; 土工布  （平方米）=1250.0; 纺织布     （平方米）=200.0; 砂石料  （立方米）=580.0; 块石          (立方米)=243.0; 铅丝=0.96; 桩木             (立方米)=12.0; 钢材         （公斤）=2100.0; 救生衣（件）=140.0; 铁锨=100; 救生圈（只）=20.0; 发电机       (千瓦)=26; 投光灯（只）=4.0; 便携灯=31; 电缆         （米）=530.0', '2026-05-31 04:37:21', '2026-05-31 04:37:21'),
  (385, 385, NULL, '物资统计', NULL, NULL, NULL, NULL, NULL, NULL, NULL, NULL, NULL, NULL, NULL, NULL, NULL, NULL, NULL, NULL, NULL, NULL, NULL, '袋类            (万条)=2.0; 土工布  （平方米）=10000.0; 纺织布     （平方米）=10000.0; 砂石料  （立方米）=50.0; 铅丝=0.5; 桩木             (立方米)=3.0; 绳类        （公斤）=100.0; 钢材         （公斤）=1500.0; 救生衣（件）=150.0; 铁锨=4000; 橡皮船（艘）=1.0; 救生圈（只）=20.0; 便携灯=150; 电缆         （米）=2000.0', '2026-05-31 04:37:21', '2026-05-31 04:37:21'),
  (386, 386, NULL, '物资统计', NULL, NULL, NULL, NULL, NULL, NULL, NULL, NULL, NULL, NULL, NULL, NULL, NULL, NULL, NULL, NULL, NULL, NULL, NULL, '袋类            (万条)=4.2; 土工布  （平方米）=4606.2; 砂石料  （立方米）=2341.8; 块石          (立方米)=831.5; 铅丝=4.344; 桩木             (立方米)=55.0; 绳类        （公斤）=20.5; 钢材         （公斤）=10080.0; 救生衣（件）=480.0; 铁锨=400; 救生圈（只）=130.0; 发电机       (千瓦)=3组', '2026-05-31 04:37:21', '2026-05-31 04:37:21'),
  (387, 387, NULL, '物资统计', NULL, NULL, NULL, NULL, NULL, NULL, NULL, NULL, NULL, NULL, NULL, NULL, NULL, NULL, NULL, NULL, NULL, NULL, NULL, '袋类            (万条)=1.75; 土工布  （平方米）=50.0; 纺织布     （平方米）=160.0; 砂石料  （立方米）=40.0; 块石          (立方米)=0.0; 铅丝=0.25; 桩木             (立方米)=0.0; 绳类        （公斤）=135.0; 钢材         （公斤）=95.0; 救生衣（件）=59.0; 铁锨=1023; 冲锋舟（艘）=30.0; 救生圈（只）=40.0; 发电机       (千瓦)=10; 投光灯（只）=20.0; 便携灯=110; 电缆         （米）=450.0', '2026-05-31 04:37:21', '2026-05-31 04:37:21'),
  (388, 388, NULL, '物资统计', NULL, NULL, NULL, NULL, NULL, NULL, NULL, NULL, NULL, NULL, NULL, NULL, NULL, NULL, NULL, NULL, NULL, NULL, NULL, '袋类            (万条)=4.0; 纺织布     （平方米）=4000.0; 块石          (立方米)=500.0; 铅丝=1; 桩木             (立方米)=0.0; 绳类        （公斤）=5.0; 救生衣（件）=0.0; 铁锨=30; 救生圈（只）=5.0; 发电机       (千瓦)=0; 便携灯=30', '2026-05-31 04:37:21', '2026-05-31 04:37:21'),
  (389, 389, NULL, '物资统计', NULL, NULL, NULL, NULL, NULL, NULL, NULL, NULL, NULL, NULL, NULL, NULL, NULL, NULL, NULL, NULL, NULL, NULL, NULL, '袋类            (万条)=0.2; 砂石料  （立方米）=3000.0; 绳类        （公斤）=10.0; 救生衣（件）=10.0; 铁锨=50; 橡皮船（艘）=1.0; 救生圈（只）=10.0; 便携灯=50', '2026-05-31 04:37:21', '2026-05-31 04:37:21'),
  (390, 390, NULL, '物资统计', NULL, NULL, NULL, NULL, NULL, NULL, NULL, NULL, NULL, NULL, NULL, NULL, NULL, NULL, NULL, NULL, NULL, NULL, NULL, '袋类            (万条)=0.6; 纺织布     （平方米）=400.0; 砂石料  （立方米）=0.08; 桩木             (立方米)=160.0; 绳类        （公斤）=10.0; 钢材         （公斤）=10000.0; 救生衣（件）=10.0; 铁锨=120; 救生圈（只）=5.0; 便携灯=113', '2026-05-31 04:37:21', '2026-05-31 04:37:21'),
  (391, 391, NULL, '物资统计', NULL, NULL, NULL, NULL, NULL, NULL, NULL, NULL, NULL, NULL, NULL, NULL, NULL, NULL, NULL, NULL, NULL, NULL, NULL, '袋类            (万条)=19.59; 土工布  （平方米）=16906.0; 纺织布     （平方米）=14760.0; 砂石料  （立方米）=36012.0; 块石          (立方米)=16575.0; 铅丝=7.057; 桩木             (立方米)=230.0; 绳类        （公斤）=280.5; 钢材         （公斤）=23775.0; 救生衣（件）=1359.0; 铁锨=5923; 船=0; 橡皮船（艘）=2.0; 冲锋舟（艘）=32.0; 救生圈（只）=250.0; 发电机       (千瓦)=37; 投光灯（只）=26.0; 便携灯=684; 电缆         （米）=3480.0', '2026-05-31 04:37:21', '2026-05-31 04:37:21'),
  (392, 392, NULL, '抢险队伍统计', NULL, NULL, NULL, NULL, NULL, NULL, NULL, NULL, NULL, NULL, NULL, NULL, NULL, NULL, NULL, NULL, NULL, NULL, NULL, '专业抢险人数=200; 群众抢险人数=13000; 抢险突击队=50; 合计=13250', '2026-05-31 04:37:21', '2026-05-31 04:37:21'),
  (393, 393, NULL, '抢险队伍统计', NULL, NULL, NULL, NULL, NULL, NULL, NULL, NULL, NULL, NULL, NULL, NULL, NULL, NULL, NULL, NULL, NULL, NULL, NULL, '专业抢险人数=2260; 群众抢险人数=23200; 抢险突击队=400; 合计=25860', '2026-05-31 04:37:21', '2026-05-31 04:37:21'),
  (394, 394, NULL, '抢险队伍统计', NULL, NULL, NULL, NULL, NULL, NULL, NULL, NULL, NULL, NULL, NULL, NULL, NULL, NULL, NULL, NULL, NULL, NULL, NULL, '群众抢险人数=2423; 抢险突击队=60; 合计=2483', '2026-05-31 04:37:21', '2026-05-31 04:37:21'),
  (395, 395, NULL, '抢险队伍统计', NULL, NULL, NULL, NULL, NULL, NULL, NULL, NULL, NULL, NULL, NULL, NULL, NULL, NULL, NULL, NULL, NULL, NULL, NULL, '专业抢险人数=22; 群众抢险人数=9650; 抢险突击队=22; 合计=9694', '2026-05-31 04:37:21', '2026-05-31 04:37:21'),
  (396, 396, NULL, '抢险队伍统计', NULL, NULL, NULL, NULL, NULL, NULL, NULL, NULL, NULL, NULL, NULL, NULL, NULL, NULL, NULL, NULL, NULL, NULL, NULL, '专业抢险人数=1800; 群众抢险人数=3600; 抢险突击队=180; 合计=5580', '2026-05-31 04:37:21', '2026-05-31 04:37:21'),
  (397, 397, NULL, '抢险队伍统计', NULL, NULL, NULL, NULL, NULL, NULL, NULL, NULL, NULL, NULL, NULL, NULL, NULL, NULL, NULL, NULL, NULL, NULL, NULL, '抢险突击队=15; 合计=15', '2026-05-31 04:37:21', '2026-05-31 04:37:21'),
  (398, 398, NULL, '抢险队伍统计', NULL, NULL, NULL, NULL, NULL, NULL, NULL, NULL, NULL, NULL, NULL, NULL, NULL, NULL, NULL, NULL, NULL, NULL, NULL, '抢险人员=500; 预备队员=500; 机动队员=50; 合计=1050', '2026-05-31 04:37:21', '2026-05-31 04:37:21'),
  (399, 399, NULL, '抢险队伍统计', NULL, NULL, NULL, NULL, NULL, NULL, NULL, NULL, NULL, NULL, NULL, NULL, NULL, NULL, NULL, NULL, NULL, NULL, NULL, '抢险人员=130; 预备队员=300; 机动队员=50; 合计=480', '2026-05-31 04:37:21', '2026-05-31 04:37:21'),
  (400, 400, NULL, '抢险队伍统计', NULL, NULL, NULL, NULL, NULL, NULL, NULL, NULL, NULL, NULL, NULL, NULL, NULL, NULL, NULL, NULL, NULL, NULL, NULL, '抢险人员=100; 预备队员=100; 机动队员=10; 合计=210', '2026-05-31 04:37:21', '2026-05-31 04:37:21');

INSERT INTO evacuation_details (id, village_id, contact_name, contact_title, contact_phone, evacuation_location, evacuation_route, evacuation_method, evacuation_time_warning, evacuation_time_flood, vulnerable_groups, assistance_needed, required_materials, material_quantity, region, department, responsibility, discharge_range, flow_rate, resettlement_person, resettlement_phone, transfer_person, transfer_person_phone, remark, created_at, updated_at) VALUES
  (401, 401, NULL, '抢险队伍统计', NULL, NULL, NULL, NULL, NULL, NULL, NULL, NULL, NULL, NULL, NULL, NULL, NULL, NULL, NULL, NULL, NULL, NULL, NULL, '抢险人员=100; 预备队员=2200; 机动队员=20; 合计=2320', '2026-05-31 04:37:21', '2026-05-31 04:37:21'),
  (402, 402, NULL, '抢险队伍统计', NULL, NULL, NULL, NULL, NULL, NULL, NULL, NULL, NULL, NULL, NULL, NULL, NULL, NULL, NULL, NULL, NULL, NULL, NULL, '抢险人员=100; 预备队员=100; 机动队员=10; 合计=210', '2026-05-31 04:37:21', '2026-05-31 04:37:21'),
  (403, 403, NULL, '抢险队伍统计', NULL, NULL, NULL, NULL, NULL, NULL, NULL, NULL, NULL, NULL, NULL, NULL, NULL, NULL, NULL, NULL, NULL, NULL, NULL, '抢险人员=100; 预备队员=682; 机动队员=10; 合计=792', '2026-05-31 04:37:21', '2026-05-31 04:37:21'),
  (404, 404, NULL, '抢险队伍统计', NULL, NULL, NULL, NULL, NULL, NULL, NULL, NULL, NULL, NULL, NULL, NULL, NULL, NULL, NULL, NULL, NULL, NULL, NULL, '抢险人员=100; 预备队员=200; 机动队员=5; 合计=305', '2026-05-31 04:37:21', '2026-05-31 04:37:21'),
  (405, 405, NULL, '抢险队伍统计', NULL, NULL, NULL, NULL, NULL, NULL, NULL, NULL, NULL, NULL, NULL, NULL, NULL, NULL, NULL, NULL, NULL, NULL, NULL, '抢险人员=1130; 预备队员=4082; 机动队员=155; 合计=5367', '2026-05-31 04:37:21', '2026-05-31 04:37:21'),
  (406, 406, NULL, NULL, '64353699.0', NULL, NULL, NULL, NULL, NULL, NULL, NULL, NULL, NULL, NULL, NULL, NULL, NULL, NULL, NULL, NULL, NULL, NULL, NULL, '2026-05-31 04:37:21', '2026-05-31 04:37:21'),
  (407, 407, NULL, NULL, '64353229.0', NULL, NULL, NULL, NULL, NULL, NULL, NULL, NULL, NULL, NULL, NULL, NULL, NULL, NULL, NULL, NULL, NULL, NULL, NULL, '2026-05-31 04:37:21', '2026-05-31 04:37:21'),
  (408, 408, NULL, NULL, '64353612.0', NULL, NULL, NULL, NULL, NULL, NULL, NULL, NULL, NULL, NULL, NULL, NULL, NULL, NULL, NULL, NULL, NULL, NULL, NULL, '2026-05-31 04:37:21', '2026-05-31 04:37:21'),
  (409, 409, NULL, NULL, '64353946.0', NULL, NULL, NULL, NULL, NULL, NULL, NULL, NULL, NULL, NULL, NULL, NULL, NULL, NULL, NULL, NULL, NULL, NULL, NULL, '2026-05-31 04:37:21', '2026-05-31 04:37:21'),
  (410, 410, NULL, NULL, '64353860.0', NULL, NULL, NULL, NULL, NULL, NULL, NULL, NULL, NULL, NULL, NULL, NULL, NULL, NULL, NULL, NULL, NULL, NULL, NULL, '2026-05-31 04:37:21', '2026-05-31 04:37:21'),
  (411, 411, NULL, NULL, '64353419.0', NULL, NULL, NULL, NULL, NULL, NULL, NULL, NULL, NULL, NULL, NULL, NULL, NULL, NULL, NULL, NULL, NULL, NULL, NULL, '2026-05-31 04:37:21', '2026-05-31 04:37:21'),
  (412, 412, NULL, NULL, '64353929.0', NULL, NULL, NULL, NULL, NULL, NULL, NULL, NULL, NULL, NULL, NULL, NULL, NULL, NULL, NULL, NULL, NULL, NULL, NULL, '2026-05-31 04:37:21', '2026-05-31 04:37:21'),
  (413, 413, NULL, NULL, '56537922.0', NULL, NULL, NULL, NULL, NULL, NULL, NULL, NULL, NULL, NULL, NULL, NULL, NULL, NULL, NULL, NULL, NULL, NULL, NULL, '2026-05-31 04:37:21', '2026-05-31 04:37:21'),
  (414, 414, NULL, NULL, '64353948.0', NULL, NULL, NULL, NULL, NULL, NULL, NULL, NULL, NULL, NULL, NULL, NULL, NULL, NULL, NULL, NULL, NULL, NULL, NULL, '2026-05-31 04:37:21', '2026-05-31 04:37:21'),
  (415, 415, NULL, NULL, '64598110.0', NULL, NULL, NULL, NULL, NULL, NULL, NULL, NULL, NULL, NULL, NULL, NULL, NULL, NULL, NULL, NULL, NULL, NULL, NULL, '2026-05-31 04:37:21', '2026-05-31 04:37:21'),
  (416, 416, NULL, NULL, '64369589.0', NULL, NULL, NULL, NULL, NULL, NULL, NULL, NULL, NULL, NULL, NULL, NULL, NULL, NULL, NULL, NULL, NULL, NULL, NULL, '2026-05-31 04:37:21', '2026-05-31 04:37:21'),
  (417, 417, NULL, NULL, '64351021.0', NULL, NULL, NULL, NULL, NULL, NULL, NULL, NULL, NULL, NULL, NULL, NULL, NULL, NULL, NULL, NULL, NULL, NULL, NULL, '2026-05-31 04:37:21', '2026-05-31 04:37:21'),
  (418, 418, NULL, NULL, '64351413.0', NULL, NULL, NULL, NULL, NULL, NULL, NULL, NULL, NULL, NULL, NULL, NULL, NULL, NULL, NULL, NULL, NULL, NULL, NULL, '2026-05-31 04:37:21', '2026-05-31 04:37:21'),
  (419, 419, NULL, NULL, '64352291.0', NULL, NULL, NULL, NULL, NULL, NULL, NULL, NULL, NULL, NULL, NULL, NULL, NULL, NULL, NULL, NULL, NULL, NULL, NULL, '2026-05-31 04:37:21', '2026-05-31 04:37:21'),
  (420, 420, NULL, NULL, '64581019.0', NULL, NULL, NULL, NULL, NULL, NULL, NULL, NULL, NULL, NULL, NULL, NULL, NULL, NULL, NULL, NULL, NULL, NULL, NULL, '2026-05-31 04:37:21', '2026-05-31 04:37:21'),
  (421, 421, NULL, NULL, '64353616.0', NULL, NULL, NULL, NULL, NULL, NULL, NULL, NULL, NULL, NULL, NULL, NULL, NULL, NULL, NULL, NULL, NULL, NULL, NULL, '2026-05-31 04:37:21', '2026-05-31 04:37:21'),
  (422, 422, NULL, NULL, '64351606.0', NULL, NULL, NULL, NULL, NULL, NULL, NULL, NULL, NULL, NULL, NULL, NULL, NULL, NULL, NULL, NULL, NULL, NULL, NULL, '2026-05-31 04:37:21', '2026-05-31 04:37:21'),
  (423, 423, NULL, NULL, '68533155.0', NULL, NULL, NULL, NULL, NULL, NULL, NULL, NULL, NULL, NULL, NULL, NULL, NULL, NULL, NULL, NULL, NULL, NULL, NULL, '2026-05-31 04:37:21', '2026-05-31 04:37:21'),
  (424, 424, NULL, NULL, '64586016.0', NULL, NULL, NULL, NULL, NULL, NULL, NULL, NULL, NULL, NULL, NULL, NULL, NULL, NULL, NULL, NULL, NULL, NULL, NULL, '2026-05-31 04:37:21', '2026-05-31 04:37:21'),
  (425, 425, NULL, NULL, '64351917.0', NULL, NULL, NULL, NULL, NULL, NULL, NULL, NULL, NULL, NULL, NULL, NULL, NULL, NULL, NULL, NULL, NULL, NULL, NULL, '2026-05-31 04:37:21', '2026-05-31 04:37:21'),
  (426, 426, NULL, NULL, '64353910.0', NULL, NULL, NULL, NULL, NULL, NULL, NULL, NULL, NULL, NULL, NULL, NULL, NULL, NULL, NULL, NULL, NULL, NULL, NULL, '2026-05-31 04:37:21', '2026-05-31 04:37:21'),
  (427, 427, NULL, NULL, '64352391.0', NULL, NULL, NULL, NULL, NULL, NULL, NULL, NULL, NULL, NULL, NULL, NULL, NULL, NULL, NULL, NULL, NULL, NULL, NULL, '2026-05-31 04:37:21', '2026-05-31 04:37:21'),
  (428, 428, NULL, NULL, '64353913.0', NULL, NULL, NULL, NULL, NULL, NULL, NULL, NULL, NULL, NULL, NULL, NULL, NULL, NULL, NULL, NULL, NULL, NULL, NULL, '2026-05-31 04:37:21', '2026-05-31 04:37:21'),
  (429, 429, NULL, NULL, '64152108.0', NULL, NULL, NULL, NULL, NULL, NULL, NULL, NULL, NULL, NULL, NULL, NULL, NULL, NULL, NULL, NULL, NULL, NULL, NULL, '2026-05-31 04:37:21', '2026-05-31 04:37:21'),
  (430, 430, '李和平', '总指挥（黄河海勃湾水利枢纽事业发展中心副主任）', '13604737753', NULL, NULL, NULL, NULL, NULL, NULL, NULL, NULL, NULL, NULL, NULL, NULL, NULL, NULL, NULL, NULL, NULL, NULL, NULL, '2026-05-31 04:37:21', '2026-05-31 04:37:21'),
  (431, 431, '薛福林', '副总指挥（大唐公司党委书记、总经理）', '18947491668', NULL, NULL, NULL, NULL, NULL, NULL, NULL, NULL, NULL, NULL, NULL, NULL, NULL, NULL, NULL, NULL, NULL, NULL, NULL, '2026-05-31 04:37:21', '2026-05-31 04:37:21'),
  (432, 432, '王海华', '副总指挥（黄河海勃湾水利枢纽事业发展中心防汛处处长）', '13604735561', NULL, NULL, NULL, NULL, NULL, NULL, NULL, NULL, NULL, NULL, NULL, NULL, NULL, NULL, NULL, NULL, NULL, NULL, NULL, '2026-05-31 04:37:21', '2026-05-31 04:37:21'),
  (433, 433, '李艳芬', '副总指挥部（大唐公司党委副书记、纪委书记、工会主席）', '13654866866', NULL, NULL, NULL, NULL, NULL, NULL, NULL, NULL, NULL, NULL, NULL, NULL, NULL, NULL, NULL, NULL, NULL, NULL, NULL, '2026-05-31 04:37:21', '2026-05-31 04:37:21'),
  (434, 434, '钱明雄', '副总指挥部（大唐公司党委委员、副总经理）', '18147331030', NULL, NULL, NULL, NULL, NULL, NULL, NULL, NULL, NULL, NULL, NULL, NULL, NULL, NULL, NULL, NULL, NULL, NULL, NULL, '2026-05-31 04:37:21', '2026-05-31 04:37:21'),
  (435, 435, '胡  冰', '副总指挥部（大唐公司党委委员、副总经理）', '18147301155', NULL, NULL, NULL, NULL, NULL, NULL, NULL, NULL, NULL, NULL, NULL, NULL, NULL, NULL, NULL, NULL, NULL, NULL, NULL, '2026-05-31 04:37:21', '2026-05-31 04:37:21'),
  (436, 436, '郭争气', '指挥部成员（经济运行部主任）', '18147331007', NULL, NULL, NULL, NULL, NULL, NULL, NULL, NULL, NULL, NULL, NULL, NULL, NULL, NULL, NULL, NULL, NULL, NULL, NULL, '2026-05-31 04:37:21', '2026-05-31 04:37:21'),
  (437, 437, '朱喜峰', '指挥部成员（财务部主任）', '18147331009', NULL, NULL, NULL, NULL, NULL, NULL, NULL, NULL, NULL, NULL, NULL, NULL, NULL, NULL, NULL, NULL, NULL, NULL, NULL, '2026-05-31 04:37:21', '2026-05-31 04:37:21'),
  (438, 438, '罗  强', '指挥部成员（枢纽事业发展中心科长）', '13847319403', NULL, NULL, NULL, NULL, NULL, NULL, NULL, NULL, NULL, NULL, NULL, NULL, NULL, NULL, NULL, NULL, NULL, NULL, NULL, '2026-05-31 04:37:21', '2026-05-31 04:37:21'),
  (439, 439, '李  涛', '指挥部成员（安环部副主任）', '18147331035', NULL, NULL, NULL, NULL, NULL, NULL, NULL, NULL, NULL, NULL, NULL, NULL, NULL, NULL, NULL, NULL, NULL, NULL, NULL, '2026-05-31 04:37:21', '2026-05-31 04:37:21'),
  (440, 440, '孙杰坤', '指挥部成员（综合部主任）', '18147331015', NULL, NULL, NULL, NULL, NULL, NULL, NULL, NULL, NULL, NULL, NULL, NULL, NULL, NULL, NULL, NULL, NULL, NULL, NULL, '2026-05-31 04:37:21', '2026-05-31 04:37:21'),
  (441, 441, '范瑜彬', '指挥部成员（生产部主任）', '18147331034', NULL, NULL, NULL, NULL, NULL, NULL, NULL, NULL, NULL, NULL, NULL, NULL, NULL, NULL, NULL, NULL, NULL, NULL, NULL, '2026-05-31 04:37:21', '2026-05-31 04:37:21'),
  (442, 442, '席俊超', '指挥部成员（生产支部书记兼生产部副主任）大型物资联系人', '18147331033', NULL, NULL, NULL, NULL, NULL, NULL, NULL, NULL, NULL, NULL, NULL, NULL, NULL, NULL, NULL, NULL, NULL, NULL, NULL, '2026-05-31 04:37:21', '2026-05-31 04:37:21'),
  (443, 443, '周高云', '指挥部成员（经济运行部主任工程师)', '18247350010', NULL, NULL, NULL, NULL, NULL, NULL, NULL, NULL, NULL, NULL, NULL, NULL, NULL, NULL, NULL, NULL, NULL, NULL, NULL, '2026-05-31 04:37:21', '2026-05-31 04:37:21'),
  (444, 444, '李伟平', '办公室成员（消防综合）', '18147331036', NULL, NULL, NULL, NULL, NULL, NULL, NULL, NULL, NULL, NULL, NULL, NULL, NULL, NULL, NULL, NULL, NULL, NULL, NULL, '2026-05-31 04:37:21', '2026-05-31 04:37:21'),
  (445, 445, '姜  维', '办公室成员（安全监察）', '18147331037', NULL, NULL, NULL, NULL, NULL, NULL, NULL, NULL, NULL, NULL, NULL, NULL, NULL, NULL, NULL, NULL, NULL, NULL, NULL, '2026-05-31 04:37:21', '2026-05-31 04:37:21'),
  (446, 446, '仝  超', '办公室成员（运行总值长）', '18147331038', NULL, NULL, NULL, NULL, NULL, NULL, NULL, NULL, NULL, NULL, NULL, NULL, NULL, NULL, NULL, NULL, NULL, NULL, NULL, '2026-05-31 04:37:21', '2026-05-31 04:37:21'),
  (447, 447, '张  博', '办公室成员（点检长）', '18147331049', NULL, NULL, NULL, NULL, NULL, NULL, NULL, NULL, NULL, NULL, NULL, NULL, NULL, NULL, NULL, NULL, NULL, NULL, NULL, '2026-05-31 04:37:21', '2026-05-31 04:37:21'),
  (448, 448, '靳  旭', '办公室成员（点检长）', '18147331042', NULL, NULL, NULL, NULL, NULL, NULL, NULL, NULL, NULL, NULL, NULL, NULL, NULL, NULL, NULL, NULL, NULL, NULL, NULL, '2026-05-31 04:37:21', '2026-05-31 04:37:21'),
  (449, 449, '魏智慧', '办公室成员（点检长）', '18147331051', NULL, NULL, NULL, NULL, NULL, NULL, NULL, NULL, NULL, NULL, NULL, NULL, NULL, NULL, NULL, NULL, NULL, NULL, NULL, '2026-05-31 04:37:21', '2026-05-31 04:37:21'),
  (450, 450, '褚占峰', '办公室成员（副班长）', '18147331208', NULL, NULL, NULL, NULL, NULL, NULL, NULL, NULL, NULL, NULL, NULL, NULL, NULL, NULL, NULL, NULL, NULL, NULL, NULL, '2026-05-31 04:37:21', '2026-05-31 04:37:21');

INSERT INTO evacuation_details (id, village_id, contact_name, contact_title, contact_phone, evacuation_location, evacuation_route, evacuation_method, evacuation_time_warning, evacuation_time_flood, vulnerable_groups, assistance_needed, required_materials, material_quantity, region, department, responsibility, discharge_range, flow_rate, resettlement_person, resettlement_phone, transfer_person, transfer_person_phone, remark, created_at, updated_at) VALUES
  (451, 451, '陈东讯', '办公室成员（班长）', '18147331109', NULL, NULL, NULL, NULL, NULL, NULL, NULL, NULL, NULL, NULL, NULL, NULL, NULL, NULL, NULL, NULL, NULL, NULL, NULL, '2026-05-31 04:37:21', '2026-05-31 04:37:21'),
  (452, 452, '姚广瑞', '办公室成员（班长）', '18947988362', NULL, NULL, NULL, NULL, NULL, NULL, NULL, NULL, NULL, NULL, NULL, NULL, NULL, NULL, NULL, NULL, NULL, NULL, NULL, '2026-05-31 04:37:21', '2026-05-31 04:37:21'),
  (453, 453, '史建玲', '办公室成员（副班长）', '18147331108', NULL, NULL, NULL, NULL, NULL, NULL, NULL, NULL, NULL, NULL, NULL, NULL, NULL, NULL, NULL, NULL, NULL, NULL, NULL, '2026-05-31 04:37:21', '2026-05-31 04:37:21'),
  (454, 454, '纳学超', '办公室成员（值长）', '18147331041', NULL, NULL, NULL, NULL, NULL, NULL, NULL, NULL, NULL, NULL, NULL, NULL, NULL, NULL, NULL, NULL, NULL, NULL, NULL, '2026-05-31 04:37:21', '2026-05-31 04:37:21'),
  (455, 455, '刘  柱', '办公室成员（值长）', '13654733944', NULL, NULL, NULL, NULL, NULL, NULL, NULL, NULL, NULL, NULL, NULL, NULL, NULL, NULL, NULL, NULL, NULL, NULL, NULL, '2026-05-31 04:37:21', '2026-05-31 04:37:21'),
  (456, 456, '谢湘龙', '办公室成员（值长）', '18147331061', NULL, NULL, NULL, NULL, NULL, NULL, NULL, NULL, NULL, NULL, NULL, NULL, NULL, NULL, NULL, NULL, NULL, NULL, NULL, '2026-05-31 04:37:21', '2026-05-31 04:37:21'),
  (457, 457, '李文朋', '办公室成员（值长）', '18147331052', NULL, NULL, NULL, NULL, NULL, NULL, NULL, NULL, NULL, NULL, NULL, NULL, NULL, NULL, NULL, NULL, NULL, NULL, NULL, '2026-05-31 04:37:21', '2026-05-31 04:37:21'),
  (458, 458, '李奕甫', '办公室成员（经济运行部）', '18147331050', NULL, NULL, NULL, NULL, NULL, NULL, NULL, NULL, NULL, NULL, NULL, NULL, NULL, NULL, NULL, NULL, NULL, NULL, NULL, '2026-05-31 04:37:21', '2026-05-31 04:37:21'),
  (459, 459, '陈潇', '办公室成员（水工）', '18147330513', NULL, NULL, NULL, NULL, NULL, NULL, NULL, NULL, NULL, NULL, NULL, NULL, NULL, NULL, NULL, NULL, NULL, NULL, NULL, '2026-05-31 04:37:21', '2026-05-31 04:37:21'),
  (460, 460, '范育铭', '办公室成员（综合部）', '18247341886', NULL, NULL, NULL, NULL, NULL, NULL, NULL, NULL, NULL, NULL, NULL, NULL, NULL, NULL, NULL, NULL, NULL, NULL, NULL, '2026-05-31 04:37:21', '2026-05-31 04:37:21'),
  (461, 461, '刘连在', '办公室成员（综合部）', '18147331045', NULL, NULL, NULL, NULL, NULL, NULL, NULL, NULL, NULL, NULL, NULL, NULL, NULL, NULL, NULL, NULL, NULL, NULL, NULL, '2026-05-31 04:37:21', '2026-05-31 04:37:21'),
  (462, 462, '陈志敏', '办公室成员（综合部）', '18147331059', NULL, NULL, NULL, NULL, NULL, NULL, NULL, NULL, NULL, NULL, NULL, NULL, NULL, NULL, NULL, NULL, NULL, NULL, NULL, '2026-05-31 04:37:21', '2026-05-31 04:37:21'),
  (463, 463, '应急管理局', '乌海市防汛抗旱指挥部', '0473-2020201', NULL, NULL, NULL, NULL, NULL, NULL, NULL, NULL, NULL, NULL, NULL, NULL, NULL, NULL, NULL, NULL, NULL, NULL, NULL, '2026-05-31 04:37:21', '2026-05-31 04:37:21'),
  (464, 464, '水务局', '乌海市防汛抗旱指挥部', '0473- 6990853', NULL, NULL, NULL, NULL, NULL, NULL, NULL, NULL, NULL, NULL, NULL, NULL, NULL, NULL, NULL, NULL, NULL, NULL, NULL, '2026-05-31 04:37:21', '2026-05-31 04:37:21'),
  (465, 465, '农牧水务局', '海勃湾区', '0473-2059720', NULL, NULL, NULL, NULL, NULL, NULL, NULL, NULL, NULL, NULL, NULL, NULL, NULL, NULL, NULL, NULL, NULL, NULL, NULL, '2026-05-31 04:37:21', '2026-05-31 04:37:21'),
  (466, 466, NULL, '姜维', '18147331037', NULL, NULL, NULL, NULL, NULL, NULL, NULL, NULL, NULL, NULL, NULL, NULL, NULL, NULL, NULL, NULL, NULL, NULL, '单位=部, 数量=23', '2026-05-31 04:37:21', '2026-05-31 04:37:21'),
  (467, 467, NULL, '姜维', '18147331037', NULL, NULL, NULL, NULL, NULL, NULL, NULL, NULL, NULL, NULL, NULL, NULL, NULL, NULL, NULL, NULL, NULL, NULL, '单位=条, 数量=8500', '2026-05-31 04:37:21', '2026-05-31 04:37:21'),
  (468, 468, NULL, '姜维', '18147331037', NULL, NULL, NULL, NULL, NULL, NULL, NULL, NULL, NULL, NULL, NULL, NULL, NULL, NULL, NULL, NULL, NULL, NULL, '单位=套, 数量=30', '2026-05-31 04:37:21', '2026-05-31 04:37:21'),
  (469, 469, NULL, '姜维', '18147331037', NULL, NULL, NULL, NULL, NULL, NULL, NULL, NULL, NULL, NULL, NULL, NULL, NULL, NULL, NULL, NULL, NULL, NULL, '单位=把, 数量=11', '2026-05-31 04:37:21', '2026-05-31 04:37:21'),
  (470, 470, NULL, '姜维', '18147331037', NULL, NULL, NULL, NULL, NULL, NULL, NULL, NULL, NULL, NULL, NULL, NULL, NULL, NULL, NULL, NULL, NULL, NULL, '单位=套, 数量=5', '2026-05-31 04:37:21', '2026-05-31 04:37:21'),
  (471, 471, NULL, '姜维', '18147331037', NULL, NULL, NULL, NULL, NULL, NULL, NULL, NULL, NULL, NULL, NULL, NULL, NULL, NULL, NULL, NULL, NULL, NULL, '单位=轴, 数量=2', '2026-05-31 04:37:21', '2026-05-31 04:37:21'),
  (472, 472, NULL, '姜维', '18147331037', NULL, NULL, NULL, NULL, NULL, NULL, NULL, NULL, NULL, NULL, NULL, NULL, NULL, NULL, NULL, NULL, NULL, NULL, '单位=辆, 数量=2', '2026-05-31 04:37:21', '2026-05-31 04:37:21'),
  (473, 473, NULL, '姜维', '18147331037', NULL, NULL, NULL, NULL, NULL, NULL, NULL, NULL, NULL, NULL, NULL, NULL, NULL, NULL, NULL, NULL, NULL, NULL, '单位=卷, 数量=33', '2026-05-31 04:37:21', '2026-05-31 04:37:21'),
  (474, 474, NULL, '姜维', '18147331037', NULL, NULL, NULL, NULL, NULL, NULL, NULL, NULL, NULL, NULL, NULL, NULL, NULL, NULL, NULL, NULL, NULL, NULL, '单位=把, 数量=5', '2026-05-31 04:37:21', '2026-05-31 04:37:21'),
  (475, 475, NULL, '姜维', '18147331037', NULL, NULL, NULL, NULL, NULL, NULL, NULL, NULL, NULL, NULL, NULL, NULL, NULL, NULL, NULL, NULL, NULL, NULL, '单位=双, 数量=25', '2026-05-31 04:37:21', '2026-05-31 04:37:21'),
  (476, 476, NULL, '姜维', '18147331037', NULL, NULL, NULL, NULL, NULL, NULL, NULL, NULL, NULL, NULL, NULL, NULL, NULL, NULL, NULL, NULL, NULL, NULL, '单位=套, 数量=20', '2026-05-31 04:37:21', '2026-05-31 04:37:21'),
  (477, 477, NULL, '姜维', '18147331037', NULL, NULL, NULL, NULL, NULL, NULL, NULL, NULL, NULL, NULL, NULL, NULL, NULL, NULL, NULL, NULL, NULL, NULL, '单位=个, 数量=8', '2026-05-31 04:37:21', '2026-05-31 04:37:21'),
  (478, 478, NULL, '姜维', '18147331037', NULL, NULL, NULL, NULL, NULL, NULL, NULL, NULL, NULL, NULL, NULL, NULL, NULL, NULL, NULL, NULL, NULL, NULL, '单位=台, 数量=5', '2026-05-31 04:37:21', '2026-05-31 04:37:21'),
  (479, 479, NULL, '范育铭', '18247341886', NULL, NULL, NULL, NULL, NULL, NULL, NULL, NULL, NULL, NULL, NULL, NULL, NULL, NULL, NULL, NULL, NULL, NULL, '单位=辆, 数量=1', '2026-05-31 04:37:21', '2026-05-31 04:37:21'),
  (480, 480, NULL, '姜维', '18147331037', NULL, NULL, NULL, NULL, NULL, NULL, NULL, NULL, NULL, NULL, NULL, NULL, NULL, NULL, NULL, NULL, NULL, NULL, '单位=条, 数量=750', '2026-05-31 04:37:21', '2026-05-31 04:37:21'),
  (481, 481, NULL, '姜维', '18147331037', NULL, NULL, NULL, NULL, NULL, NULL, NULL, NULL, NULL, NULL, NULL, NULL, NULL, NULL, NULL, NULL, NULL, NULL, '单位=只, 数量=9', '2026-05-31 04:37:21', '2026-05-31 04:37:21'),
  (482, 482, NULL, '姜维', '18147331037', NULL, NULL, NULL, NULL, NULL, NULL, NULL, NULL, NULL, NULL, NULL, NULL, NULL, NULL, NULL, NULL, NULL, NULL, '单位=Kg, 数量=20', '2026-05-31 04:37:21', '2026-05-31 04:37:21'),
  (483, 483, NULL, '姜维', '18147331037', NULL, NULL, NULL, NULL, NULL, NULL, NULL, NULL, NULL, NULL, NULL, NULL, NULL, NULL, NULL, NULL, NULL, NULL, '单位=盒, 数量=2', '2026-05-31 04:37:21', '2026-05-31 04:37:21'),
  (484, 484, NULL, '姜维', '18147331037', NULL, NULL, NULL, NULL, NULL, NULL, NULL, NULL, NULL, NULL, NULL, NULL, NULL, NULL, NULL, NULL, NULL, NULL, '单位=只, 数量=1', '2026-05-31 04:37:21', '2026-05-31 04:37:21'),
  (485, 485, NULL, '姜维', '18147331037', NULL, NULL, NULL, NULL, NULL, NULL, NULL, NULL, NULL, NULL, NULL, NULL, NULL, NULL, NULL, NULL, NULL, NULL, '单位=台, 数量=4', '2026-05-31 04:37:21', '2026-05-31 04:37:21'),
  (486, 486, NULL, '姜维', '18147331037', NULL, NULL, NULL, NULL, NULL, NULL, NULL, NULL, NULL, NULL, NULL, NULL, NULL, NULL, NULL, NULL, NULL, NULL, '单位=条, 数量=2', '2026-05-31 04:37:21', '2026-05-31 04:37:21'),
  (487, 487, NULL, '姜维', '18147331037', NULL, NULL, NULL, NULL, NULL, NULL, NULL, NULL, NULL, NULL, NULL, NULL, NULL, NULL, NULL, NULL, NULL, NULL, '单位=条, 数量=5', '2026-05-31 04:37:21', '2026-05-31 04:37:21'),
  (488, 488, NULL, '姜维', '18147331037', NULL, NULL, NULL, NULL, NULL, NULL, NULL, NULL, NULL, NULL, NULL, NULL, NULL, NULL, NULL, NULL, NULL, NULL, '单位=瓶, 数量=4', '2026-05-31 04:37:21', '2026-05-31 04:37:21'),
  (489, 489, NULL, '仝超', '18147331038', NULL, NULL, NULL, NULL, NULL, NULL, NULL, NULL, NULL, NULL, NULL, NULL, NULL, NULL, NULL, NULL, NULL, NULL, '单位=台, 数量=1', '2026-05-31 04:37:21', '2026-05-31 04:37:21'),
  (490, 490, NULL, '席俊超', '18147331033', NULL, NULL, NULL, NULL, NULL, NULL, NULL, NULL, NULL, NULL, NULL, NULL, NULL, NULL, NULL, NULL, NULL, NULL, '单位=台, 数量=2', '2026-05-31 04:37:21', '2026-05-31 04:37:21'),
  (491, 491, NULL, '席俊超', '18147331033', NULL, NULL, NULL, NULL, NULL, NULL, NULL, NULL, NULL, NULL, NULL, NULL, NULL, NULL, NULL, NULL, NULL, NULL, '单位=台, 数量=2', '2026-05-31 04:37:21', '2026-05-31 04:37:21'),
  (492, 492, NULL, '席俊超', '18147331033', NULL, NULL, NULL, NULL, NULL, NULL, NULL, NULL, NULL, NULL, NULL, NULL, NULL, NULL, NULL, NULL, NULL, NULL, '单位=台, 数量=10', '2026-05-31 04:37:21', '2026-05-31 04:37:21'),
  (493, 493, NULL, '席俊超', '18147331033', NULL, NULL, NULL, NULL, NULL, NULL, NULL, NULL, NULL, NULL, NULL, NULL, NULL, NULL, NULL, NULL, NULL, NULL, '单位=台, 数量=1', '2026-05-31 04:37:21', '2026-05-31 04:37:21'),
  (494, 494, NULL, '席俊超', '18147331033', NULL, NULL, NULL, NULL, NULL, NULL, NULL, NULL, NULL, NULL, NULL, NULL, NULL, NULL, NULL, NULL, NULL, NULL, '单位=m3, 数量=50', '2026-05-31 04:37:21', '2026-05-31 04:37:21'),
  (495, 495, NULL, '席俊超', '18147331033', NULL, NULL, NULL, NULL, NULL, NULL, NULL, NULL, NULL, NULL, NULL, NULL, NULL, NULL, NULL, NULL, NULL, NULL, '单位=m3, 数量=1000', '2026-05-31 04:37:21', '2026-05-31 04:37:21'),
  (496, 496, NULL, '席俊超', '18147331033', NULL, NULL, NULL, NULL, NULL, NULL, NULL, NULL, NULL, NULL, NULL, NULL, NULL, NULL, NULL, NULL, NULL, NULL, '单位=m2, 数量=500', '2026-05-31 04:37:21', '2026-05-31 04:37:21'),
  (497, 497, '夏  成', '西峰区人民政府副区长', '18993450020', NULL, NULL, NULL, NULL, NULL, NULL, NULL, NULL, NULL, NULL, NULL, '行政责任人 县  级', NULL, NULL, NULL, NULL, NULL, NULL, NULL, '2026-05-31 04:37:21', '2026-05-31 04:37:21'),
  (498, 498, '杨鸿涛', '西峰区后官寨镇政府镇长', '15193687776', NULL, NULL, NULL, NULL, NULL, NULL, NULL, NULL, NULL, NULL, NULL, 'None 乡  级', NULL, NULL, NULL, NULL, NULL, NULL, NULL, '2026-05-31 04:37:21', '2026-05-31 04:37:21'),
  (499, 499, '梁容旗', '西峰区后官寨镇南佐村支书', '13993404913', NULL, NULL, NULL, NULL, NULL, NULL, NULL, NULL, NULL, NULL, NULL, 'None 村  级', NULL, NULL, NULL, NULL, NULL, NULL, NULL, '2026-05-31 04:37:21', '2026-05-31 04:37:21'),
  (500, 500, '李金学', '西峰区后官寨镇路堡村支书', '15352092009', NULL, NULL, NULL, NULL, NULL, NULL, NULL, NULL, NULL, NULL, NULL, 'None None', NULL, NULL, NULL, NULL, NULL, NULL, NULL, '2026-05-31 04:37:21', '2026-05-31 04:37:21');

INSERT INTO evacuation_details (id, village_id, contact_name, contact_title, contact_phone, evacuation_location, evacuation_route, evacuation_method, evacuation_time_warning, evacuation_time_flood, vulnerable_groups, assistance_needed, required_materials, material_quantity, region, department, responsibility, discharge_range, flow_rate, resettlement_person, resettlement_phone, transfer_person, transfer_person_phone, remark, created_at, updated_at) VALUES
  (501, 501, '脱忠平', '西峰治理监督局局长', '13809348961', NULL, NULL, NULL, NULL, NULL, NULL, NULL, NULL, NULL, NULL, NULL, '水库主管部门责任人 None', NULL, NULL, NULL, NULL, NULL, NULL, NULL, '2026-05-31 04:37:21', '2026-05-31 04:37:21'),
  (502, 502, '王  刚', '西峰治理监督局副局长', '13830419959', NULL, NULL, NULL, NULL, NULL, NULL, NULL, NULL, NULL, NULL, NULL, '水库管理单位责任人 None', NULL, NULL, NULL, NULL, NULL, NULL, NULL, '2026-05-31 04:37:21', '2026-05-31 04:37:21'),
  (503, 503, '罗全华', '生态工程建设科科长', '18793413333', NULL, NULL, NULL, NULL, NULL, NULL, NULL, NULL, NULL, NULL, NULL, '防汛办公室主任 None', NULL, NULL, NULL, NULL, NULL, NULL, NULL, '2026-05-31 04:37:21', '2026-05-31 04:37:21'),
  (504, 504, '金  剑', '西峰治理监督局副总工', '13809340335', NULL, NULL, NULL, NULL, NULL, NULL, NULL, NULL, NULL, NULL, NULL, '技术责任人 None', NULL, NULL, NULL, NULL, NULL, NULL, NULL, '2026-05-31 04:37:21', '2026-05-31 04:37:21'),
  (505, 505, '金天龙', '南小河沟试验场场长', '15109343166', NULL, NULL, NULL, NULL, NULL, NULL, NULL, NULL, NULL, NULL, NULL, '应急抢险队队长 None', NULL, NULL, NULL, NULL, NULL, NULL, NULL, '2026-05-31 04:37:21', '2026-05-31 04:37:21'),
  (506, 506, '何大伟', '黄河建工集团项目部经理', '13838154496', NULL, NULL, NULL, NULL, NULL, NULL, NULL, NULL, NULL, NULL, NULL, '应急抢险队副队长 None', NULL, NULL, NULL, NULL, NULL, NULL, NULL, '2026-05-31 04:37:21', '2026-05-31 04:37:21'),
  (507, 507, '刘  锋', '花果山水库管理所所长', '18198081000', NULL, NULL, NULL, NULL, NULL, NULL, NULL, NULL, NULL, NULL, NULL, '巡查责任人 None', NULL, NULL, NULL, NULL, NULL, NULL, NULL, '2026-05-31 04:37:21', '2026-05-31 04:37:21'),
  (508, 508, '范小刚', '水情监测及巡查', '13993453321', NULL, NULL, NULL, NULL, NULL, NULL, NULL, NULL, NULL, NULL, NULL, '巡查人 None', NULL, NULL, NULL, NULL, NULL, NULL, NULL, '2026-05-31 04:37:21', '2026-05-31 04:37:21'),
  (509, 509, '何  炜', '库区安全管理', '13919606815', NULL, NULL, NULL, NULL, NULL, NULL, NULL, NULL, NULL, NULL, NULL, 'None None', NULL, NULL, NULL, NULL, NULL, NULL, NULL, '2026-05-31 04:37:21', '2026-05-31 04:37:21'),
  (510, 510, '林思文', '防汛物资管理', '13884138180', NULL, NULL, NULL, NULL, NULL, NULL, NULL, NULL, NULL, NULL, NULL, 'None None', NULL, NULL, NULL, NULL, NULL, NULL, NULL, '2026-05-31 04:37:21', '2026-05-31 04:37:21');

-- 7.5 重置自增序列

UPDATE sqlite_sequence SET seq = 17 WHERE name = 'water_level_thresholds';
UPDATE sqlite_sequence SET seq = 45 WHERE name = 'townships';
UPDATE sqlite_sequence SET seq = 510 WHERE name = 'villages';
UPDATE sqlite_sequence SET seq = 510 WHERE name = 'evacuation_details';

PRAGMA foreign_keys = ON;